Commercial;Client;Projet;Segment;Ville;Région;Pays;Potentiel (MAD);Probabilité;Pondéré (auto);Commentaire terrain;Statut;Prochaine Action;Date Action;Priorité (auto);? Alerte (auto);Date Closing Est.;Bucket Temporel (auto);Risque;Dernière MAJ;Score Priorité (auto);? Alertes V2 (renforcées);
Bruno;TGCC /GIDNA;CHU FES;Institutional;;Fès-Meknès;Maroc;92 941 000;10%;9 294 100;;Prospection;;;LOW;? SANS ACTION PLANIFIÉE ? DATE ACTION MANQUANTE;30/09/2026;Dépassé;;;25;? SANS ACTION PLANIFIÉE ? DATE ACTION MANQUANTE;
Amine;SK SIGNATURE;SKALI TADART;Residential;;Casablanca-Settat;Maroc;1 500 000;0%;0;OFFRE ENVOYER AU CLIENT , LE GERANT REFUSE DE TRAVAILLER AVEC NOUS , MAUVAISE REPUTATION SUR NOTRE POSE;Perdu;;;;;01/04/2026;Dépassé;;;0;;
Amine;ZABDI PROMO;RESIDENCE AIN SEBAA;Residential;;Casablanca-Settat;Maroc;700 000;100%;700 000;;Gagné;;;HIGH;;20/04/2026;Dépassé;;;37;;
Bruno;TGCC;STADE BENSLIMANE;Commercial;;Casablanca-Settat;Maroc;30 102 294;10%;3 010 229;;Prospection;;;LOW;? SANS ACTION PLANIFIÉE ? DATE ACTION MANQUANTE;01/09/2026;Dépassé;;;15;? SANS ACTION PLANIFIÉE ? DATE ACTION MANQUANTE;
Bruno;MFADEL;RADISON;Hospitality;;Casablanca-Settat;Maroc;20 000 000;50%;10 000 000;;En cours;;;MEDIUM;? SANS ACTION PLANIFIÉE ? DATE ACTION MANQUANTE;30/06/2026;Dépassé;;;30;? SANS ACTION PLANIFIÉE ? DATE ACTION MANQUANTE;
Bruno;CHAABAN INVEST;PROJET L OREE DU PALM;Residential;;Casablanca-Settat;Maroc;25 858 325;10%;2 585 833;;Prospection;;;LOW;? SANS ACTION PLANIFIÉE ? DATE ACTION MANQUANTE;30/06/2026;Dépassé;;;15;? SANS ACTION PLANIFIÉE ? DATE ACTION MANQUANTE;
Bruno;VALOGEST;CUR D ANFA R04;Residential;;Casablanca-Settat;Maroc;21 000 001;10%;2 100 000;;Prospection;;;LOW;? SANS ACTION PLANIFIÉE ? DATE ACTION MANQUANTE;30/04/2026;Dépassé;;;15;? SANS ACTION PLANIFIÉE ? DATE ACTION MANQUANTE;
Bruno;VALOGEST;CUR D ANFA R03;Residential;;Casablanca-Settat;Maroc;21 000 000;80%;16 800 000;;Prospection;;;HIGH;? STATUT/PROB INCOHÉRENT ? SANS ACTION PLANIFIÉE ? DATE ACTION MANQUANTE ? 80%+ SANS ACTION;30/04/2026;Dépassé;;;45;? STATUT/PROB INCOHÉRENT ? SANS ACTION PLANIFIÉE ? DATE ACTION MANQUANTE ? 80%+ SANS ACTION;
Oussama;DOLIDOL;SOMMIER DOLIDOL;Hospitality;;Casablanca-Settat;Maroc;18 056 750;80%;14 445 400;DEVIS REMIS A DOLIDOL;En cours;;;HIGH;? SANS ACTION PLANIFIÉE ? DATE ACTION MANQUANTE ? 80%+ SANS ACTION;19/06/2026;Dépassé;;;37;? SANS ACTION PLANIFIÉE ? DATE ACTION MANQUANTE ? 80%+ SANS ACTION;
Bruno;CGI;CASA ANFA LE PARC C BOIS;Residential;;Casablanca-Settat;Maroc;15 257 300;10%;1 525 730;;Prospection;;;LOW;? SANS ACTION PLANIFIÉE ? DATE ACTION MANQUANTE;30/07/2026;Dépassé;;;7;? SANS ACTION PLANIFIÉE ? DATE ACTION MANQUANTE;
Amine;ETOILE MARINE;ETOILE MARINE;Residential;;;Maroc;3 000 000;80%;2 400 000;;Prospection;;;HIGH;? STATUT/PROB INCOHÉRENT ? SANS ACTION PLANIFIÉE ? DATE ACTION MANQUANTE ? 80%+ SANS ACTION;04/05/2026;Dépassé;;;27;? STATUT/PROB INCOHÉRENT ? SANS ACTION PLANIFIÉE ? DATE ACTION MANQUANTE ? 80%+ SANS ACTION;
Bruno;FERMAPREFA;AMV 300 VILLAS R2 R3;Residential;;Marrakech-Safi;Maroc;11 775 700;80%;9 420 560;;Prospection;;;HIGH;? STATUT/PROB INCOHÉRENT ? SANS ACTION PLANIFIÉE ? DATE ACTION MANQUANTE ? 80%+ SANS ACTION;30/06/2026;Dépassé;;;37;? STATUT/PROB INCOHÉRENT ? SANS ACTION PLANIFIÉE ? DATE ACTION MANQUANTE ? 80%+ SANS ACTION;
Bruno;KARDAM;HOTEL MARIOT MRK;Hospitality;;Marrakech-Safi;Maroc;11 702 000;10%;1 170 200;;Prospection;;;LOW;? SANS ACTION PLANIFIÉE ? DATE ACTION MANQUANTE;01/09/2026;Dépassé;;;7;? SANS ACTION PLANIFIÉE ? DATE ACTION MANQUANTE;
Bruno;AEP INVEST;SERENIA;Residential;;Casablanca-Settat;Maroc;9 900 000;10%;990 000;;Prospection;;;LOW;? SANS ACTION PLANIFIÉE ? DATE ACTION MANQUANTE;30/07/2026;Dépassé;;;1;? SANS ACTION PLANIFIÉE ? DATE ACTION MANQUANTE;
Bruno;VALOGEST;CUR D ANFA CENTRE COMMERCIAL;Commercial;;Marrakech-Safi;Maroc;9 000 000;50%;4 500 000;;Prospection;;;MEDIUM;? SANS ACTION PLANIFIÉE ? DATE ACTION MANQUANTE;30/07/2026;Dépassé;;;16;? SANS ACTION PLANIFIÉE ? DATE ACTION MANQUANTE;
Bruno;TGCC;SALLE SPORT FES;Commercial;;Fès-Meknès;Maroc;8 839 000;10%;883 900;;Prospection;;;LOW;? SANS ACTION PLANIFIÉE ? DATE ACTION MANQUANTE;01/09/2026;Dépassé;;;1;? SANS ACTION PLANIFIÉE ? DATE ACTION MANQUANTE;
Bruno;CGI;VILLAS TAGHAZOUT BAY P23;Residential;;Souss-Massa;Maroc;8 333 732;0%;0;;Perdu;;;;;01/09/2026;Dépassé;;;0;;
Amine;PALM CALIFORNIE;PALM CALIFORNIE;Residential;;Casablanca-Settat;Maroc;4 000 000;50%;2 000 000;;Prospection;;;;;15/07/2026;;;;;;
Amine;BATIKRAFT;RESIDENCE EL BARNOUSSI;Residential;;Casablanca-Settat;Maroc;4 000 000;50%;2 000 000;;Prospection;;;;;15/07/2026;;;;;;
Amine;JAMAII;JNANE AL OLFA;Residential;;Casablanca-Settat;Maroc;2 100 000;80%;1 680 000;;Prospection;;;;;15/07/2026;;;;;;
Amine;AMMA IMMO;RESIDENCE ALMAS;Residential;Casablanca;Casablanca-Settat;Maroc;1 800 000;80%;1 440 000;TEMOIN EN ATTENTE DE POSE SUIVANT LA AVANCEMENT CHANTIER;Négociation;;;HIGH;? SANS ACTION PLANIFIÉE ? DATE ACTION MANQUANTE ? 80%+ SANS ACTION;04/05/2026;Dépassé;;;27;? SANS ACTION PLANIFIÉE ? DATE ACTION MANQUANTE ? 80%+ SANS ACTION;
Bruno;GROUPE AHOCIENIA;VILLA CYPRES GROUPE AH;Residential;RABAT;Rabat-Salé-Kénitra;Maroc;8 000 000;50%;4 000 000;;Prospection;;;MEDIUM;? SANS ACTION PLANIFIÉE ? DATE ACTION MANQUANTE;30/04/2026;Dépassé;;;16;? SANS ACTION PLANIFIÉE ? DATE ACTION MANQUANTE;
Bruno;SEG;ZAER BOIS;Residential;RABAT;Rabat-Salé-Kénitra;Maroc;7 900 000;10%;790 000;;Prospection;;;LOW;? SANS ACTION PLANIFIÉE ? DATE ACTION MANQUANTE;01/09/2026;Dépassé;;;1;? SANS ACTION PLANIFIÉE ? DATE ACTION MANQUANTE;
Bruno;MFADEL;SOHAUS APPARTEMENT CUISINE;Residential;CASABLANCA;Casablanca-Settat;Maroc;7 750 000;50%;3 875 000;;Prospection;;;MEDIUM;? SANS ACTION PLANIFIÉE ? DATE ACTION MANQUANTE;30/06/2026;Dépassé;;;16;? SANS ACTION PLANIFIÉE ? DATE ACTION MANQUANTE;
Bruno;MFADEL;SOHAUS APPARTEMENT BOIS;Residential;CASABLANCA;Casablanca-Settat;Maroc;7 726 000;50%;3 863 000;;Prospection;;;MEDIUM;? SANS ACTION PLANIFIÉE ? DATE ACTION MANQUANTE;30/06/2026;Dépassé;;;16;? SANS ACTION PLANIFIÉE ? DATE ACTION MANQUANTE;
Oussama;CMS;SIÈGE ATTIJARI ABIDJAN;Commercial;Abidjan;;Côte d'Ivoire;7 400 000;0%;0;;Perdu;;;;;01/04/2026;Dépassé;;;0;;
Bruno;BANKAI;NOOR PRESTIGE 400 APPT;Residential;MARRAKECH;Marrakech-Safi;Maroc;7 120 000;80%;5 696 000;;Prospection;;;HIGH;? STATUT/PROB INCOHÉRENT ? SANS ACTION PLANIFIÉE ? DATE ACTION MANQUANTE ? 80%+ SANS ACTION;01/09/2026;Dépassé;;;31;? STATUT/PROB INCOHÉRENT ? SANS ACTION PLANIFIÉE ? DATE ACTION MANQUANTE ? 80%+ SANS ACTION;
Bruno;YAMED;CURIO;Residential;CASABLANCA;Casablanca-Settat;Maroc;9 800 000;80%;7 840 000;;En cours;;;HIGH;? SANS ACTION PLANIFIÉE ? DATE ACTION MANQUANTE ? 80%+ SANS ACTION;30/06/2026;Dépassé;;;31;? SANS ACTION PLANIFIÉE ? DATE ACTION MANQUANTE ? 80%+ SANS ACTION;
Bruno;JULIA;MRK 350 APPART BOIS;Residential;MARRAKECH;Marrakech-Safi;Maroc;7 000 000;10%;700 000;;En cours;;;LOW;? SANS ACTION PLANIFIÉE ? DATE ACTION MANQUANTE;01/09/2026;Dépassé;;;1;? SANS ACTION PLANIFIÉE ? DATE ACTION MANQUANTE;
Bruno;JULIA;MRK 350 APPART CUISINE;Residential;MARRAKECH;Marrakech-Safi;Maroc;7 000 000;10%;700 000;;En cours;;;LOW;? SANS ACTION PLANIFIÉE ? DATE ACTION MANQUANTE;01/09/2026;Dépassé;;;1;? SANS ACTION PLANIFIÉE ? DATE ACTION MANQUANTE;
Amine;Fondation cheikh zayd;UNIVERSITE/HEBERGEMENT;Institutional;Bouznika;Casablanca-Settat;Maroc;11 500 000;50%;5 750 000;Offre de prix envoyer aujourd'hui le samedi , un reunion a confirmer jeudi prochain pour presenter l'offre en presence directeur de projet .;En cours;;;MEDIUM;? SANS ACTION PLANIFIÉE ? DATE ACTION MANQUANTE;20/05/2026;Dépassé;;;22;? SANS ACTION PLANIFIÉE ? DATE ACTION MANQUANTE;
Bruno;TGCC;ANP;Commercial;CASABLANCA;Casablanca-Settat;Maroc;7 200 000;100%;7 200 000;;Gagné;;;HIGH;;01/09/2026;Dépassé;;;41;;
Bruno;VALORIS;SKY TOWER;Commercial;CASABLANCA;Casablanca-Settat;Maroc;5 500 000;50%;2 750 000;;En cours;;;MEDIUM;? SANS ACTION PLANIFIÉE ? DATE ACTION MANQUANTE;30/06/2026;Dépassé;;;16;? SANS ACTION PLANIFIÉE ? DATE ACTION MANQUANTE;
Bruno;BANKAI;TARGA PRESTIGE 300 APPT;Residential;MARRAKECH;Marrakech-Safi;Maroc;5 340 000;80%;4 272 000;;Prospection;;;HIGH;? STATUT/PROB INCOHÉRENT ? SANS ACTION PLANIFIÉE ? DATE ACTION MANQUANTE ? 80%+ SANS ACTION;01/09/2026;Dépassé;;;31;? STATUT/PROB INCOHÉRENT ? SANS ACTION PLANIFIÉE ? DATE ACTION MANQUANTE ? 80%+ SANS ACTION;
Bruno;FERMAPREFA;THE VIEW;Residential;MARRAKECH;Marrakech-Safi;Maroc;5 150 981;50%;2 575 491;;En cours;;;MEDIUM;? SANS ACTION PLANIFIÉE ? DATE ACTION MANQUANTE;01/09/2026;Dépassé;;;16;? SANS ACTION PLANIFIÉE ? DATE ACTION MANQUANTE;
Amine;GROUPE BENNANI INVEST;HOTEL CASA PORT;Hospitality;Casablanca;Casablanca-Settat;Maroc;4 000 000;80%;3 200 000;LA MIS A JOUR DEVIS RECU LE VENDREDI , CLIENT HORS MAROC , RDV A CONFIRMER DANS LA SEMAINE PROCHAINE POUR PRESENTER L'OFFRE ET LANCER LE TEMON;Négociation;;;HIGH;? SANS ACTION PLANIFIÉE ? DATE ACTION MANQUANTE ? 80%+ SANS ACTION;30/05/2026;Dépassé;;;27;? SANS ACTION PLANIFIÉE ? DATE ACTION MANQUANTE ? 80%+ SANS ACTION;
Amine;GROUPE BENNANI INVEST;ZENATA BAY;Residential;Zenata;Casablanca-Settat;Maroc;7 450 000;100%;7 450 000;;Gagné;;;HIGH;;30/05/2026;Dépassé;;;41;;
Bruno;GROUPE AHOCIENIA;HOTEL;Hospitality;Casablanca;Casablanca-Settat;Maroc;5 000 000;50%;2 500 000;;Prospection;;;MEDIUM;? SANS ACTION PLANIFIÉE ? DATE ACTION MANQUANTE;30/04/2026;Dépassé;;;16;? SANS ACTION PLANIFIÉE ? DATE ACTION MANQUANTE;
Ibtissam;AEM;190 APPRTEMENT;Residential;Casablanca;Casablanca-Settat;Maroc;5 000 000;80%;4 000 000;TEMOIN LIVRE FAUX CADRE LIVRES/ REUNION A FIXER AU CHANTIER POUR VOIR L ETAT D AVANCEMENT ET PREVOIR PLANING;En cours;;;HIGH;? SANS ACTION PLANIFIÉE ? DATE ACTION MANQUANTE ? 80%+ SANS ACTION;18/06/2026;Dépassé;;;31;? SANS ACTION PLANIFIÉE ? DATE ACTION MANQUANTE ? 80%+ SANS ACTION;
Bruno;ALLALI/PROBATIM;EVERGREEN;Residential;CASABLANCA;Casablanca-Settat;Maroc;4 850 000;100%;4 850 000;;Gagné;;;HIGH;;30/04/2026;Dépassé;;;37;;
Bruno;SEG;ZAER CUISINE;Residential;RABAT;Rabat-Salé-Kénitra;Maroc;4 685 000;10%;468 500;;En cours;;;LOW;? SANS ACTION PLANIFIÉE ? DATE ACTION MANQUANTE;01/09/2026;Dépassé;;;-3;? SANS ACTION PLANIFIÉE ? DATE ACTION MANQUANTE;
Bruno;AGADIR BAY;RESIDENTIEL Q 63;Residential;AGADIR;Souss-Massa;Maroc;4 585 325;80%;3 668 260;;En cours;;;HIGH;? SANS ACTION PLANIFIÉE ? DATE ACTION MANQUANTE ? 80%+ SANS ACTION;30/06/2026;Dépassé;;;27;? SANS ACTION PLANIFIÉE ? DATE ACTION MANQUANTE ? 80%+ SANS ACTION;
Bruno;TGCC;RESIDENCE FERMEE EN VILLAS BENGUERIR LOT BOIS;Residential;BEN GUERIR;Marrakech-Safi;Maroc;4 529 366;80%;3 623 493;;En cours;;;HIGH;? SANS ACTION PLANIFIÉE ? DATE ACTION MANQUANTE ? 80%+ SANS ACTION;01/09/2026;Dépassé;;;27;? SANS ACTION PLANIFIÉE ? DATE ACTION MANQUANTE ? 80%+ SANS ACTION;
Amine;KAYAZ INVEST;GROUPEMENT HABITAT AIN SEBAA;Residential;Casablanca;Casablanca-Settat;Maroc;3 000 000;10%;300 000;PRIS DE CONTACT AVEC DT DE PROJET ,TEMOIN POSER PAR CONCURRENCE , DANS ATTENT DE CONSULTATION (RESPONSABLE PROJET GROUPE);Prospection;;;LOW;? SANS ACTION PLANIFIÉE ? DATE ACTION MANQUANTE;30/05/2026;Dépassé;;;-3;? SANS ACTION PLANIFIÉE ? DATE ACTION MANQUANTE;
Amine;GROUPE BALBACHIR;TOUR MALABATA TANGER;Residential;Tanger;Tanger-Tétouan-Al Hoceïma;Maroc;3 000 000;10%;300 000;CLIENT FINALISE LE CCTP POUR LANCER LA CONSULTATION ,RDV DEBUS AVRIL POUR RELANCER LE CLIENT (RESPONSABLE ACHAT);Prospection;;;LOW;? SANS ACTION PLANIFIÉE ? DATE ACTION MANQUANTE;30/05/2026;Dépassé;;;-3;? SANS ACTION PLANIFIÉE ? DATE ACTION MANQUANTE;
Amine;SGTM;AEREPORT AGADIR;Industrial & Logistics;Agadir;Souss-Massa;Maroc;2 500 000;10%;250 000;PREMIER OFFRE ENVOYER LE MERCREDI DERNIER , ATTEND RETOUR CLIENT ET DECLANCHER UNE REUNION DE PRESENTATION OFFRE ET NEGOCIATION;En cours;;;LOW;? SANS ACTION PLANIFIÉE ? DATE ACTION MANQUANTE;30/05/2026;Dépassé;;;-3;? SANS ACTION PLANIFIÉE ? DATE ACTION MANQUANTE;
Bruno;FERMABAT;DIVERS IMB;Residential;MARRAKECH;Marrakech-Safi;Maroc;4 000 000;50%;2 000 000;;Prospection;;;MEDIUM;? SANS ACTION PLANIFIÉE ? DATE ACTION MANQUANTE;30/04/2026;Dépassé;;;12;? SANS ACTION PLANIFIÉE ? DATE ACTION MANQUANTE;
Bruno;TGCC;ARZANA VILLA;Residential;RABAT;Rabat-Salé-Kénitra;Maroc;3 850 000;10%;385 000;;En cours;;;LOW;? SANS ACTION PLANIFIÉE ? DATE ACTION MANQUANTE;30/04/2026;Dépassé;;;-3;? SANS ACTION PLANIFIÉE ? DATE ACTION MANQUANTE;
Taoufik;RCHFORET;CASA ECOLE HASANIA;Residential;Casablanca;Casablanca-Settat;Maroc;3 800 000;80%;3 040 000;le devis déjà valide fin construction mois MAI;Négociation;;;HIGH;? SANS ACTION PLANIFIÉE ? DATE ACTION MANQUANTE ? 80%+ SANS ACTION;18/06/2026;Dépassé;;;27;? SANS ACTION PLANIFIÉE ? DATE ACTION MANQUANTE ? 80%+ SANS ACTION;
Bruno;CGI;VILLAS TAGHAZOUT BAY P25.1;Residential;AGADIR;Souss-Massa;Maroc;3 629 629;0%;0;;Perdu;;;;;01/09/2026;Dépassé;;;0;;
Bruno;CGI;R5 CUISINE;Residential;MARRAKECH;Marrakech-Safi;Maroc;3 600 000;80%;2 880 000;;En cours;;;HIGH;? SANS ACTION PLANIFIÉE ? DATE ACTION MANQUANTE ? 80%+ SANS ACTION;30/08/2026;Dépassé;;;27;? SANS ACTION PLANIFIÉE ? DATE ACTION MANQUANTE ? 80%+ SANS ACTION;
Bruno;CGI;R5 BOIS;Residential;MARRAKECH;Marrakech-Safi;Maroc;3 578 000;80%;2 862 400;;En cours;;;HIGH;? SANS ACTION PLANIFIÉE ? DATE ACTION MANQUANTE ? 80%+ SANS ACTION;30/04/2026;Dépassé;;;27;? SANS ACTION PLANIFIÉE ? DATE ACTION MANQUANTE ? 80%+ SANS ACTION;
Bruno;AGADIR BAY;RESIDENTIEL Q 62;Residential;AGADIR;Souss-Massa;Maroc;3 321 089;80%;2 656 871;;En cours;;;HIGH;? SANS ACTION PLANIFIÉE ? DATE ACTION MANQUANTE ? 80%+ SANS ACTION;30/06/2026;Dépassé;;;27;? SANS ACTION PLANIFIÉE ? DATE ACTION MANQUANTE ? 80%+ SANS ACTION;
Bruno;GROUPE AHOCIENIA;CABO CUISINE;Residential;TETOUAN;Tanger-Tétouan-Al Hoceïma;Maroc;3 273 000;80%;2 618 400;;En cours;;;HIGH;? SANS ACTION PLANIFIÉE ? DATE ACTION MANQUANTE ? 80%+ SANS ACTION;30/06/2026;Dépassé;;;27;? SANS ACTION PLANIFIÉE ? DATE ACTION MANQUANTE ? 80%+ SANS ACTION;
Taoufik;GROUPE GEDAF SETTAT;SETTAT;Institutional;Settat;Casablanca-Settat;Maroc;3 200 000;80%;2 560 000;reste validation de devis;Négociation;;;HIGH;? SANS ACTION PLANIFIÉE ? DATE ACTION MANQUANTE ? 80%+ SANS ACTION;18/06/2026;Dépassé;;;27;? SANS ACTION PLANIFIÉE ? DATE ACTION MANQUANTE ? 80%+ SANS ACTION;
Taoufik;BAAMRANI MOUHCINE;MARRAKECH ARAHA 2;Residential;Marrakech;Marrakech-Safi;Maroc;3 200 000;50%;1 600 000;CLIENT FINALISE LE CCTP POUR LANCER LA CONSULTATION;Prospection;;;MEDIUM;? SANS ACTION PLANIFIÉE ? DATE ACTION MANQUANTE;18/06/2026;Dépassé;;;12;? SANS ACTION PLANIFIÉE ? DATE ACTION MANQUANTE;
Bruno;TGCC;AEROPORT M5;Commercial;RABAT;Rabat-Salé-Kénitra;Maroc;3 172 000;50%;1 586 000;;En cours;;;MEDIUM;? SANS ACTION PLANIFIÉE ? DATE ACTION MANQUANTE;30/06/2026;Dépassé;;;12;? SANS ACTION PLANIFIÉE ? DATE ACTION MANQUANTE;
Bruno;AGADIR BAY;DOMINIUM HOTEL CASA;Hospitality;CASABLANCA;Casablanca-Settat;Maroc;3 100 000;10%;310 000;;Prospection;;;LOW;? SANS ACTION PLANIFIÉE ? DATE ACTION MANQUANTE;19/09/2026;Dépassé;;;-3;? SANS ACTION PLANIFIÉE ? DATE ACTION MANQUANTE;
Oussama;ADDOHA ABIDJA;TERRASSE D'ANGRE;Residential;Abidjan;;Côte d'Ivoire;3 100 000;100%;3 100 000;;Gagné;;;HIGH;;30/04/2026;Dépassé;;;37;;
Amine;RHNIMA TRAVAUX;MAJD TR2 ALOMRAN;Residential;Oued Zem;Béni Mellal-Khénifra;Maroc;600 000;100%;600 000;;Gagné;;;HIGH;;30/05/2026;Dépassé;;;37;;
Amine;DINO;CHP TAOURIRT;Institutional;Taourirt;Oriental;Maroc;35 000 000;50%;17 500 000;PREMIER OFFRE ENVOYER LE JEUDI DERNIER , ATTEND RETOUR CLIENT ET DECLANCHER UNE REUNION DE PRESENTATION OFFRE ET NEGOCIATION;En cours;;;MEDIUM;? SANS ACTION PLANIFIÉE ? DATE ACTION MANQUANTE;18/06/2026;Dépassé;;;30;? SANS ACTION PLANIFIÉE ? DATE ACTION MANQUANTE;
Amine;HOME EST;RÉSIDENCES FARAH SALAM LA ROCADE;Residential;Casablanca;Casablanca-Settat;Maroc;4 000 000;10%;400 000;UNE TRANCHR DÉJÀ ATTRIBUE A LA CONCURRENCE , UNE VISITE SEMAINE PROCHAINE POUR VOIR LE CLIENT POUR LES TRANCHE QUI RESTE;Prospection;;;LOW;? SANS ACTION PLANIFIÉE ? DATE ACTION MANQUANTE;30/06/2026;Dépassé;;;-3;? SANS ACTION PLANIFIÉE ? DATE ACTION MANQUANTE;
Amine;URBAT;SIDE PARK ZENATA;Residential;Zenata;Casablanca-Settat;Maroc;2 000 000;10%;200 000;CLIENT A DÉJÀ ATRIBUER LE MARCHE PLACARD ET CUISINE , RDV A CONFIRMER AVEC LE DG POUR PRESENTATION ET OFFRE DE PRIX (INGENIEUR PROJET);Prospection;;;LOW;? SANS ACTION PLANIFIÉE ? DATE ACTION MANQUANTE;30/06/2026;Dépassé;;;-3;? SANS ACTION PLANIFIÉE ? DATE ACTION MANQUANTE;
Amine;TOMU;CHU AGADIR;Institutional;Agadir;Souss-Massa;Maroc;35 000 000;10%;3 500 000;OFFRE INITIAL ENVOYER , UN RDV AVEC LE CLIENT A MONTER EN MAI APRES L OBTENTION DE L;En cours;;;LOW;? SANS ACTION PLANIFIÉE ? DATE ACTION MANQUANTE;18/07/2026;Dépassé;;;15;? SANS ACTION PLANIFIÉE ? DATE ACTION MANQUANTE;
Amine;TECHNISCAN;ABRAJ AYMEN;Residential;Tanger;Tanger-Tétouan-Al Hoceïma;Maroc;8 000 000;10%;800 000;Reunion tenu avec le gerant sur notre showroom , client interessé par notre gamme porte placard et cuisine , consultartion chez le methode pour la partie residence , projet de 10 tranche avec un hotel de 5 étoil et un centre de loisir;Prospection;;;LOW;? SANS ACTION PLANIFIÉE ? DATE ACTION MANQUANTE;17/08/2026;Dépassé;;;1;? SANS ACTION PLANIFIÉE ? DATE ACTION MANQUANTE;
Amine;LEGACY PARTNER;TOURS HOTEL + RÉSIDENCE + BUREAUX CFC;Hospitality;Casablanca;Casablanca-Settat;Maroc;6 000 000;10%;600 000;REUNION TENU AVEC LE DT , LA CONSULTATION SERA ENVOYER LE LUNDI POUR LES TROIS BATIMENT;Prospection;;;LOW;? SANS ACTION PLANIFIÉE ? DATE ACTION MANQUANTE;17/08/2026;Dépassé;;;1;? SANS ACTION PLANIFIÉE ? DATE ACTION MANQUANTE;
Amine;TANGER BAY;HOTEL HILTON BY CANOPY;Hospitality;Tanger;Tanger-Tétouan-Al Hoceïma;Maroc;5 000 000;10%;500 000;REUNION TENU AVEC LE MO MR NABIL ET ARCHITECT MR BAKHAT , PRESENTATION DE NOTRE REALISATION EN COURS AVEC YAMED , CLIENT FINALISE LE CCTP POUR LANCER LA CONSULTATION;Prospection;;;LOW;? SANS ACTION PLANIFIÉE ? DATE ACTION MANQUANTE;17/08/2026;Dépassé;;;1;? SANS ACTION PLANIFIÉE ? DATE ACTION MANQUANTE;
Bruno;TGCC;MALL TWF;Commercial;TANGER;Tanger-Tétouan-Al Hoceïma;Maroc;290 000;100%;290 000;;Gagné;;;HIGH;;30/09/2026;Dépassé;;;37;;
Hassan;BATI GLORIOUS;GROUPEMENT D HABITATION MS;Residential;Zenata;Casablanca-Settat;Maroc;3 000 000;10%;300 000;ils ont déjà un atelier menuiserie;Prospection;;;LOW;? SANS ACTION PLANIFIÉE ? DATE ACTION MANQUANTE;19/08/2026;Dépassé;;;-3;? SANS ACTION PLANIFIÉE ? DATE ACTION MANQUANTE;
Hassan;MELKNA X;SUITES HOTEL R+5;Hospitality;Casablanca;Casablanca-Settat;Maroc;3 000 000;10%;300 000;Relance chef projet Mardi matin;Prospection;;;LOW;? SANS ACTION PLANIFIÉE ? DATE ACTION MANQUANTE;19/08/2026;Dépassé;;;-3;? SANS ACTION PLANIFIÉE ? DATE ACTION MANQUANTE;
Taoufik;UNITED Marrakech;MARRAKECH PDM;Residential;Marrakech;Marrakech-Safi;Maroc;3 000 000;50%;1 500 000;le temoin et déjà pose attend le BC;En cours;;;MEDIUM;? SANS ACTION PLANIFIÉE ? DATE ACTION MANQUANTE;18/06/2026;Dépassé;;;12;? SANS ACTION PLANIFIÉE ? DATE ACTION MANQUANTE;
Amine;SAM GROUPE IMMOBILIER;BEAULIEU ZENATA;Residential;Zenata;Casablanca-Settat;Maroc;5 000 000;10%;500 000;PRIS DE CONTACT SUR CHANTIER AVEC INGENIEUR DE PROJET PROJET EN DEMMARAGE PHASE FONDATION;Prospection;;;LOW;? SANS ACTION PLANIFIÉE ? DATE ACTION MANQUANTE;17/08/2026;Dépassé;;;1;? SANS ACTION PLANIFIÉE ? DATE ACTION MANQUANTE;
Amine;OSE;TOURS HOTEL + RÉSIDENCE CFC;Hospitality;Casablanca;Casablanca-Settat;Maroc;4 000 000;10%;400 000;PROJET EN FONDATION AVEC ENTREPRISE DE GO OPTIMACO , CONTACT AVEC LE GERANT;Prospection;;;LOW;? SANS ACTION PLANIFIÉE ? DATE ACTION MANQUANTE;17/08/2026;Dépassé;;;-3;? SANS ACTION PLANIFIÉE ? DATE ACTION MANQUANTE;
Bruno;AEDGE;EVIAN;Residential;CASABLANCA;Casablanca-Settat;Maroc;2 500 000;50%;1 250 000;;En cours;;;MEDIUM;? SANS ACTION PLANIFIÉE ? DATE ACTION MANQUANTE;30/04/2026;Dépassé;;;12;? SANS ACTION PLANIFIÉE ? DATE ACTION MANQUANTE;
Taoufik;BENZKERI;TEMARA;Residential;Rabat;Rabat-Salé-Kénitra;Maroc;2 500 000;10%;250 000;CLIENT FINALISE LE CCTP POUR LANCER LA CONSULTATION;Prospection;;;LOW;? SANS ACTION PLANIFIÉE ? DATE ACTION MANQUANTE;18/06/2026;Dépassé;;;-3;? SANS ACTION PLANIFIÉE ? DATE ACTION MANQUANTE;
Bruno;CGI;VILLAS TAGHAZOUT BAY P25.2;Residential;AGADIR;Souss-Massa;Maroc;2 409 440;0%;0;;Perdu;;;;;01/04/2026;Dépassé;;;0;;
Taoufik;GROUPE HAJI SAKANE;TEMARA;Residential;Rabat;Rabat-Salé-Kénitra;Maroc;2 400 000;50%;1 200 000;CLIENT FINALISE LE CCTP POUR LANCER LA CONSULTATION;Prospection;;;MEDIUM;? SANS ACTION PLANIFIÉE ? DATE ACTION MANQUANTE;18/06/2026;Dépassé;;;12;? SANS ACTION PLANIFIÉE ? DATE ACTION MANQUANTE;
Taoufik;AMC MARBRE;CASA LA ROCAD;Residential;Casablanca;Casablanca-Settat;Maroc;2 200 000;100%;2 200 000;;Gagné;;;HIGH;;04/05/2026;Dépassé;;;37;;
Bruno;TGCC;RESIDENCE FERMEE EN VILLAS BENGUERIR LOT CUIS;Residential;BEN GUERIR;Marrakech-Safi;Maroc;2 170 000;50%;1 085 000;;Prospection;;;MEDIUM;? SANS ACTION PLANIFIÉE ? DATE ACTION MANQUANTE;30/07/2026;Dépassé;;;12;? SANS ACTION PLANIFIÉE ? DATE ACTION MANQUANTE;
Amine;ANMG;HOTEL ABRAJ 5* TANGER;Hospitality;Tanger;Tanger-Tétouan-Al Hoceïma;Maroc;3 000 000;10%;300 000;Deuxiéme reunion tenu avec le directeur tehnique Mr Yassine en presence le Gerant , projet en GO les lots sencondes les appels d'offre dans deux mois;Prospection;;;LOW;? SANS ACTION PLANIFIÉE ? DATE ACTION MANQUANTE;17/08/2026;Dépassé;;;-3;? SANS ACTION PLANIFIÉE ? DATE ACTION MANQUANTE;
Amine;AFIFA IMMONILIER;ODESSY MARINE;Residential;Casablanca;Casablanca-Settat;Maroc;3 000 000;10%;300 000;PRIS DE CONTACT AVEC LE GERANT , CONSULTATION LOT MENUISERI DANS 2 MOIS;Prospection;;;LOW;? SANS ACTION PLANIFIÉE ? DATE ACTION MANQUANTE;17/08/2026;Dépassé;;;-3;? SANS ACTION PLANIFIÉE ? DATE ACTION MANQUANTE;
Amine;ADDOHA;PRESTIGIA PLAGE NATION;Residential;Bouknadel;Rabat-Salé-Kénitra;Maroc;3 000 000;10%;300 000;PREMIER TRANCHE ATTRIBUER A OPTIMACO , PREMIER CONTACT AVEC MR ABDELMOULA LE GERANT POUR CONFIRMER UNE REUNION SEMAINE PROCHAINE;Prospection;;;LOW;? SANS ACTION PLANIFIÉE ? DATE ACTION MANQUANTE;17/08/2026;Dépassé;;;-3;? SANS ACTION PLANIFIÉE ? DATE ACTION MANQUANTE;
Amine;URBAT;ALMA;Residential;Tanger;Tanger-Tétouan-Al Hoceïma;Maroc;2 000 000;10%;200 000;PROJET EN GROS UVRE AVEC TG BAT , PREMIER REUNION TENU AVEC Mr Ksikes directeur projet MO , presentation de notre gamme dans l'attente de la consultation;Prospection;;;LOW;? SANS ACTION PLANIFIÉE ? DATE ACTION MANQUANTE;17/08/2026;Dépassé;;;-3;? SANS ACTION PLANIFIÉE ? DATE ACTION MANQUANTE;
Amine;AHFAD IMMOBILIER;AHFAD CITY;Residential;Casablanca;Casablanca-Settat;Maroc;1 500 000;10%;150 000;REUNION TENU AVEC MME HASSANIA AHFAD FILLE DE PATRON ET RESPONSABLE ACHAT ET SOUS TRAITANT , OFFRE EN COURS , PROEJT EN GO;Prospection;;;LOW;? SANS ACTION PLANIFIÉE ? DATE ACTION MANQUANTE;17/08/2026;Dépassé;;;-3;? SANS ACTION PLANIFIÉE ? DATE ACTION MANQUANTE;
Amine;IDEOLOGE PROMOTION;CASERNE BOUKRAA;Institutional;Casablanca;Casablanca-Settat;Maroc;900 000;10%;90 000;OFFRE DE PRIX ENVOYER , CLIENT ATTEND LA RESULTAT DE L'APPEL D'OFFRE;Prospection;;;LOW;? SANS ACTION PLANIFIÉE ? DATE ACTION MANQUANTE;17/08/2026;Dépassé;;;-3;? SANS ACTION PLANIFIÉE ? DATE ACTION MANQUANTE;
Bruno;TGCC;STADE H2;Commercial;RABAT;Rabat-Salé-Kénitra;Maroc;2 000 000;10%;200 000;;Prospection;;;LOW;? SANS ACTION PLANIFIÉE ? DATE ACTION MANQUANTE;01/09/2026;Dépassé;;;-3;? SANS ACTION PLANIFIÉE ? DATE ACTION MANQUANTE;
Hassan;HOME EST;GROUPEMENT D HABITATION ECONOMIQUE;Residential;Casablanca;Casablanca-Settat;Maroc;2 000 000;10%;200 000;RDV prévu avec le service achat la semaine prochaine (Naima);Prospection;;;LOW;? SANS ACTION PLANIFIÉE ? DATE ACTION MANQUANTE;19/08/2026;Dépassé;;;-3;? SANS ACTION PLANIFIÉE ? DATE ACTION MANQUANTE;
Hassan;SOCIETE RESIDENCES BOLORIA;GROUPEMENT D HABITATION ECONOMIQUE (hadaik al amane);Residential;Casablanca;Casablanca-Settat;Maroc;2 000 000;10%;200 000;RDV prévu avec le chef projet la semaine prochaine;Prospection;;;LOW;? SANS ACTION PLANIFIÉE ? DATE ACTION MANQUANTE;19/08/2026;Dépassé;;;-3;? SANS ACTION PLANIFIÉE ? DATE ACTION MANQUANTE;
Hassan;SIREGEC;COMPLEXE UNIVERSITAIRE SUPTECH;Institutional;Mohammedia;Casablanca-Settat;Maroc;2 000 000;10%;200 000;Potentiel à renseigner;Prospection;;;LOW;? SANS ACTION PLANIFIÉE ? DATE ACTION MANQUANTE;19/08/2026;Dépassé;;;-3;? SANS ACTION PLANIFIÉE ? DATE ACTION MANQUANTE;
Oussama;ADDOHA ABIDJA;ANGRE SQUARE;Residential;Abidjan;;Côte d'Ivoire;2 000 000;80%;1 600 000;;Négociation;;;HIGH;? SANS ACTION PLANIFIÉE ? DATE ACTION MANQUANTE ? 80%+ SANS ACTION;30/05/2026;Dépassé;;;27;? SANS ACTION PLANIFIÉE ? DATE ACTION MANQUANTE ? 80%+ SANS ACTION;
Bruno;AGADIR BAY;RESIDENTIEL Q 67;Residential;AGADIR;Souss-Massa;Maroc;1 967 000;80%;1 573 600;;En cours;;;HIGH;? SANS ACTION PLANIFIÉE ? DATE ACTION MANQUANTE ? 80%+ SANS ACTION;30/04/2026;Dépassé;;;27;? SANS ACTION PLANIFIÉE ? DATE ACTION MANQUANTE ? 80%+ SANS ACTION;
Taoufik;RAFINITI;TEMARA;Residential;Rabat;Rabat-Salé-Kénitra;Maroc;1 900 000;80%;1 520 000;CLIENT FINALISE LE CCTP POUR LANCER LA CONSULTATION;Prospection;;;HIGH;? STATUT/PROB INCOHÉRENT ? SANS ACTION PLANIFIÉE ? DATE ACTION MANQUANTE ? 80%+ SANS ACTION;18/06/2026;Dépassé;;;27;? STATUT/PROB INCOHÉRENT ? SANS ACTION PLANIFIÉE ? DATE ACTION MANQUANTE ? 80%+ SANS ACTION;
Amine;AAFER;BORJ AL ANDALOUS;Residential;Tanger;Tanger-Tétouan-Al Hoceïma;Maroc;2 000 000;10%;200 000;Deuxiéme reunion tenu avec le gerant , client va nous consulter , demande des reference dans la région et des temoin sur des projet réaliser dernierement;En cours;;;LOW;? SANS ACTION PLANIFIÉE ? DATE ACTION MANQUANTE;17/09/2026;Dépassé;;;-3;? SANS ACTION PLANIFIÉE ? DATE ACTION MANQUANTE;
Bruno;TGCC;SAFRAN ZONE FRANCHE MIDPARC;Industrial & Logistics;TANGER;Tanger-Tétouan-Al Hoceïma;Maroc;1 540 700;50%;770 350;;En cours;;;MEDIUM;? SANS ACTION PLANIFIÉE ? DATE ACTION MANQUANTE;01/09/2026;Dépassé;;;12;? SANS ACTION PLANIFIÉE ? DATE ACTION MANQUANTE;
Amine;CGTC;OMRAN MEDIOUNA;Residential;Mediouna;Casablanca-Settat;Maroc;1 000 000;10%;100 000;CONSULTATION CHEZ LE BUREAU D'ETUDE;En cours;;;LOW;? SANS ACTION PLANIFIÉE ? DATE ACTION MANQUANTE;17/09/2026;Dépassé;;;-3;? SANS ACTION PLANIFIÉE ? DATE ACTION MANQUANTE;
Amine;CGTC;LYCEE AL MANSOUR ZENATA;Residential;Zenata;Casablanca-Settat;Maroc;500 000;10%;50 000;CONSULTATION CHEZ LE BUREAU D'ETUDE;En cours;;;LOW;? SANS ACTION PLANIFIÉE ? DATE ACTION MANQUANTE;17/09/2026;Dépassé;;;-3;? SANS ACTION PLANIFIÉE ? DATE ACTION MANQUANTE;
Amine;DINO;CHP GUERCIVE;Institutional;Guercif;Oriental;Maroc;3 000 000;10%;300 000;CONSULTATION CHEZ METHODE , LE GERANT ATTEND NOTRE OFFRE DE PRIX (CONTACT GERANT);En cours;;;LOW;? SANS ACTION PLANIFIÉE ? DATE ACTION MANQUANTE;30/09/2026;Dépassé;;;-3;? SANS ACTION PLANIFIÉE ? DATE ACTION MANQUANTE;
Bruno;TGCC;ECOLE FRANCAISE BENGUERIR;Commercial;MARRAKECH;Marrakech-Safi;Maroc;1 476 065;50%;738 033;;En cours;;;MEDIUM;? SANS ACTION PLANIFIÉE ? DATE ACTION MANQUANTE;01/09/2026;Dépassé;;;12;? SANS ACTION PLANIFIÉE ? DATE ACTION MANQUANTE;
Bruno;TGCC;TERRAIN ANZA AGADIR;Industrial & Logistics;AGADIR;Souss-Massa;Maroc;1 463 814;50%;731 907;;En cours;;;MEDIUM;? SANS ACTION PLANIFIÉE ? DATE ACTION MANQUANTE;01/09/2026;Dépassé;;;12;? SANS ACTION PLANIFIÉE ? DATE ACTION MANQUANTE;
Oussama;AL MADA/ ATLAS HOSPITALITY / CMS;MIXED USE CASABLANCA;Hospitality;Casablanca;Casablanca-Settat;Maroc;1 320 000;50%;660 000;CHIFFRAGE ET ETUDE EN COURS;En cours;;;MEDIUM;? SANS ACTION PLANIFIÉE ? DATE ACTION MANQUANTE;30/05/2026;Dépassé;;;12;? SANS ACTION PLANIFIÉE ? DATE ACTION MANQUANTE;
Taoufik;AMENAGEMENT BOIS;CASA MOHIT;Residential;Casablanca;Casablanca-Settat;Maroc;1 300 000;100%;1 300 000;;Gagné;;;HIGH;;04/05/2026;Dépassé;;;37;;
Bruno;URBAN CAPITAL / ABDELAS;AUDA ANFA;Residential;Casablanca;Casablanca-Settat;Maroc;6 043 000;50%;3 021 500;;En cours;;;;;01/12/2026;;;;;;
Bruno;GROUPE AHOCIENIA;VILLA BIANCA CUISINE;Residential;RABAT;Rabat-Salé-Kénitra;Maroc;1 118 000;80%;894 400;;En cours;;;HIGH;? SANS ACTION PLANIFIÉE ? DATE ACTION MANQUANTE ? 80%+ SANS ACTION;01/09/2026;Dépassé;;;27;? SANS ACTION PLANIFIÉE ? DATE ACTION MANQUANTE ? 80%+ SANS ACTION;
Amine;LA MANOUSSE;COMPLEXE RESIDENTIEL;Residential;Rabat;Rabat-Salé-Kénitra;Maroc;3 000 000;10%;300 000;OFFRE DE PRIX COMMUNIQUER DES PORTE , ATTEND PLAN POUR PLACARD ET CUISINE LOTS MENUISERI DANS 6 MOIS SELON LE CLIENT;En cours;;;LOW;? SANS ACTION PLANIFIÉE ? DATE ACTION MANQUANTE;30/09/2026;Dépassé;;;-3;? SANS ACTION PLANIFIÉE ? DATE ACTION MANQUANTE;
Amine;DINO;GARE ROUTIERE KENITRA;Institutional;Kénitra;Rabat-Salé-Kénitra;Maroc;2 000 000;10%;200 000;LE CLIENT FINALISE LE CCTP POUR LANCER LES CONSULTATION , PROJET EN DEMMARAGE (CONTACT GERANT);Prospection;;;LOW;? SANS ACTION PLANIFIÉE ? DATE ACTION MANQUANTE;30/09/2026;Dépassé;;;-3;? SANS ACTION PLANIFIÉE ? DATE ACTION MANQUANTE;
Bruno;MFADEL;SOHAUS VILLAS VILLA LOT CUSIINE;Residential;CASABLANCA;Casablanca-Settat;Maroc;1 000 000;50%;500 000;;En cours;;;MEDIUM;? SANS ACTION PLANIFIÉE ? DATE ACTION MANQUANTE;30/04/2026;Dépassé;;;12;? SANS ACTION PLANIFIÉE ? DATE ACTION MANQUANTE;
Taoufik;4 G BATIMO;TANGER ABRAJE;Residential;Tanger;Tanger-Tétouan-Al Hoceïma;Maroc;1 000 000;10%;100 000;CLIENT FINALISE LE CCTP POUR LANCER LA CONSULTATION;Prospection;;;LOW;? SANS ACTION PLANIFIÉE ? DATE ACTION MANQUANTE;17/08/2026;Dépassé;;;-3;? SANS ACTION PLANIFIÉE ? DATE ACTION MANQUANTE;
Amine;DINO;CHP AZILAL;Institutional;Azilal;Béni Mellal-Khénifra;Maroc;2 000 000;10%;200 000;CONSULTATION CHEZ METHODE , LE GERANT ATTEND NOTRE OFFRE DE PRIX (CONTACT GERANT);En cours;;;LOW;? SANS ACTION PLANIFIÉE ? DATE ACTION MANQUANTE;17/10/2026;Dépassé;;;-3;? SANS ACTION PLANIFIÉE ? DATE ACTION MANQUANTE;
Taoufik;INBS PROMO;MARRAKECH EDNE HOME;Residential;Marrakech;Marrakech-Safi;Maroc;900 000;80%;720 000;le temoin et déjà pose le BC pour le mois MAI;En cours;;;HIGH;? SANS ACTION PLANIFIÉE ? DATE ACTION MANQUANTE ? 80%+ SANS ACTION;15/05/2026;Dépassé;;;27;? SANS ACTION PLANIFIÉE ? DATE ACTION MANQUANTE ? 80%+ SANS ACTION;
Taoufik;BECHARAT KHAIRE;MARRAKECH WISAL;Residential;Marrakech;Marrakech-Safi;Maroc;800 000;80%;640 000;MOIS MAI;En cours;;;HIGH;? SANS ACTION PLANIFIÉE ? DATE ACTION MANQUANTE ? 80%+ SANS ACTION;18/06/2026;Dépassé;;;27;? SANS ACTION PLANIFIÉE ? DATE ACTION MANQUANTE ? 80%+ SANS ACTION;
Taoufik;UNITED CASA;CASA ANWAL;Residential;Casablanca;Casablanca-Settat;Maroc;800 000;50%;400 000;visites projet semaine prochaine;En cours;;;MEDIUM;? SANS ACTION PLANIFIÉE ? DATE ACTION MANQUANTE;18/06/2026;Dépassé;;;12;? SANS ACTION PLANIFIÉE ? DATE ACTION MANQUANTE;
Bruno;GROUPE AHOCIENIA;BLOC 5 EXPORT;Residential;SENEGAL;;Sénégal;796 576;80%;637 261;;En cours;;;HIGH;? SANS ACTION PLANIFIÉE ? DATE ACTION MANQUANTE ? 80%+ SANS ACTION;30/04/2026;Dépassé;;;27;? SANS ACTION PLANIFIÉE ? DATE ACTION MANQUANTE ? 80%+ SANS ACTION;
Taoufik;H2K immobilIER;MARRAKECH ICHRAK;Residential;Marrakech;Marrakech-Safi;Maroc;780 000;50%;390 000;CLIENT FINALISE LE CCTP POUR LANCER LA CONSULTATION;Prospection;;;MEDIUM;? SANS ACTION PLANIFIÉE ? DATE ACTION MANQUANTE;18/06/2026;Dépassé;;;12;? SANS ACTION PLANIFIÉE ? DATE ACTION MANQUANTE;
Oussama;ADDOHA ABIDJA;GREEN CITY GH 22;Residential;Abidjan;;Côte d'Ivoire;600 000;50%;300 000;;Prospection;;;MEDIUM;? SANS ACTION PLANIFIÉE ? DATE ACTION MANQUANTE;30/07/2026;Dépassé;;;12;? SANS ACTION PLANIFIÉE ? DATE ACTION MANQUANTE;
Oussama;ADDOHA ABIDJA;GREEN CITY GH 25;Residential;Abidjan;;Côte d'Ivoire;600 000;50%;300 000;;Prospection;;;MEDIUM;? SANS ACTION PLANIFIÉE ? DATE ACTION MANQUANTE;30/07/2026;Dépassé;;;12;? SANS ACTION PLANIFIÉE ? DATE ACTION MANQUANTE;
Bruno;GROUPE AHOCIENIA;VILLA SALAM;Residential;SENEGAL;;Sénégal;584 122;80%;467 298;;En cours;;;HIGH;? SANS ACTION PLANIFIÉE ? DATE ACTION MANQUANTE ? 80%+ SANS ACTION;30/04/2026;Dépassé;;;27;? SANS ACTION PLANIFIÉE ? DATE ACTION MANQUANTE ? 80%+ SANS ACTION;
Amine;IHCC;HOPITAL SAUDI ALMANI;Institutional;Casablanca;Casablanca-Settat;Maroc;2 000 000;10%;200 000;MARCHE DÉJÀ ATTRIBUER , LE CLIENT VA ORIENTE LES POSEUR CHEZ NOUS ,TRANCHE HOTEL ET UNIVERSITE SERA LANCER DANS 4 MOIS(CONTACT RESPONSABEL ACHAT);Prospection;;;LOW;? SANS ACTION PLANIFIÉE ? DATE ACTION MANQUANTE;30/10/2026;Dépassé;;;-3;? SANS ACTION PLANIFIÉE ? DATE ACTION MANQUANTE;
Oussama;ADDOHA ABIDJA;FLORIDA BLOC 39;Residential;Abidjan;;Côte d'Ivoire;460 000;50%;230 000;;Prospection;;;MEDIUM;? SANS ACTION PLANIFIÉE ? DATE ACTION MANQUANTE;30/07/2026;Dépassé;;;12;? SANS ACTION PLANIFIÉE ? DATE ACTION MANQUANTE;
Hassan;MADHLOUM IMMO;GROUPEMENT D HABITATION MS R+6 ZENATA;Residential;Casablanca;Casablanca-Settat;Maroc;400 000;10%;40 000;Passage programmé la semaine prochaine por avoir le chef projet;Prospection;;;LOW;? SANS ACTION PLANIFIÉE ? DATE ACTION MANQUANTE;19/08/2026;Dépassé;;;-3;? SANS ACTION PLANIFIÉE ? DATE ACTION MANQUANTE;
Hassan;CMS;BORJ ATTIJARI;Institutional;Casablanca;Casablanca-Settat;Maroc;400 000;10%;40 000;Premier RDV effectué en attente de disponibilité du Directeur chantiers;Prospection;;;LOW;? SANS ACTION PLANIFIÉE ? DATE ACTION MANQUANTE;19/08/2026;Dépassé;;;-3;? SANS ACTION PLANIFIÉE ? DATE ACTION MANQUANTE;
Ibtissam;AFFINITY;40 STUDIO;Residential;Casablanca;Casablanca-Settat;Maroc;400 000;80%;320 000;ATTENTE AVANCE LANCEMET MAI;En cours;;;HIGH;? SANS ACTION PLANIFIÉE ? DATE ACTION MANQUANTE ? 80%+ SANS ACTION;18/06/2026;Dépassé;;;27;? SANS ACTION PLANIFIÉE ? DATE ACTION MANQUANTE ? 80%+ SANS ACTION;
Ibtissam;YAM LIVING;30 APPARTEMENT;Residential;Casablanca;Casablanca-Settat;Maroc;400 000;10%;40 000;ATTENTE PLAN ARCHI POUR ETUDE;Prospection;;;LOW;? SANS ACTION PLANIFIÉE ? DATE ACTION MANQUANTE;17/08/2026;Dépassé;;;-3;? SANS ACTION PLANIFIÉE ? DATE ACTION MANQUANTE;
Oussama;ADDOHA GABON;;Residential;LIBREVILLE;;GABON;110 000;100%;110 000;;Gagné;;;;;;;;;;;
Oussama;ADDOHA ABIDJA;FLORIDA 47+ DUPLEXES;Residential;Abidjan;;Côte d'Ivoire;400 000;50%;200 000;;Prospection;;;MEDIUM;? SANS ACTION PLANIFIÉE ? DATE ACTION MANQUANTE;30/07/2026;Dépassé;;;12;? SANS ACTION PLANIFIÉE ? DATE ACTION MANQUANTE;
Oussama;ADDOHA ABIDJA;FLORIDA BLOC 20;Residential;Abidjan;;Côte d'Ivoire;363 440;50%;181 720;;Prospection;;;MEDIUM;? SANS ACTION PLANIFIÉE ? DATE ACTION MANQUANTE;30/07/2026;Dépassé;;;12;? SANS ACTION PLANIFIÉE ? DATE ACTION MANQUANTE;
Ibtissam;IMMO PALMIER;22 APPARTEEMNT;Residential;Marrakech;Marrakech-Safi;Maroc;300 000;80%;240 000;AVANCE RECUE (120K) - REPERAGE FIN AVRIL - ENCAISSEMENT JUIN;En cours;;;HIGH;? SANS ACTION PLANIFIÉE ? DATE ACTION MANQUANTE ? 80%+ SANS ACTION;04/05/2026;Dépassé;;;27;? SANS ACTION PLANIFIÉE ? DATE ACTION MANQUANTE ? 80%+ SANS ACTION;
Oussama;ADDOHA ABIDJA;FLORIDA BLOC 14;Residential;Abidjan;;Côte d'Ivoire;254 408;50%;127 204;;Prospection;;;MEDIUM;? SANS ACTION PLANIFIÉE ? DATE ACTION MANQUANTE;30/07/2026;Dépassé;;;12;? SANS ACTION PLANIFIÉE ? DATE ACTION MANQUANTE;
Oussama;DOLIDOL;INTERNAT;Residential;CASABLANCA;Casablanca-Settat;Maroc;8 700 000;50%;4 350 000;DEVIS TRANSMIS LE 18/05;En cours;;;;;;;;;;;
Oussama;ADDOHA ABIDJA;LAGOONA GH 05;Residential;Abidjan;;Côte d'Ivoire;225 000;80%;180 000;;Négociation;;;HIGH;? SANS ACTION PLANIFIÉE ? DATE ACTION MANQUANTE ? 80%+ SANS ACTION;30/07/2026;Dépassé;;;27;? SANS ACTION PLANIFIÉE ? DATE ACTION MANQUANTE ? 80%+ SANS ACTION;
Oussama;ADDOHA ABIDJA;FLORIDA BLOC 10;Residential;Abidjan;;Côte d'Ivoire;181 720;50%;90 860;;Prospection;;;MEDIUM;? SANS ACTION PLANIFIÉE ? DATE ACTION MANQUANTE;30/07/2026;Dépassé;;;12;? SANS ACTION PLANIFIÉE ? DATE ACTION MANQUANTE;
Hassan;CHARP CONSTRUCTION;IMM R+2;Residential;Casablanca;Casablanca-Settat;Maroc;84 040;50%;42 020;En attente de la cofirmation des finitions/ reperage en cours;En cours;;;MEDIUM;? SANS ACTION PLANIFIÉE ? DATE ACTION MANQUANTE;19/08/2026;Dépassé;;;12;? SANS ACTION PLANIFIÉE ? DATE ACTION MANQUANTE;
Ibtissam;MR SLAOUI;PLATEAU BUREAU;Commercial;Casablanca;Casablanca-Settat;Maroc;78 000;10%;7 800;A RELANCER;Prospection;;;LOW;? SANS ACTION PLANIFIÉE ? DATE ACTION MANQUANTE;17/08/2026;Dépassé;;;-3;? SANS ACTION PLANIFIÉE ? DATE ACTION MANQUANTE;
Ibtissam;MR LAHLOU;1 CUISINE;Residential;Casablanca;Casablanca-Settat;Maroc;50 000;10%;5 000;PAS DE RETOUR SERVICE ETUDE MALGRE PLSR RELANCE;Prospection;;;LOW;? SANS ACTION PLANIFIÉE ? DATE ACTION MANQUANTE;17/08/2026;Dépassé;;;-3;? SANS ACTION PLANIFIÉE ? DATE ACTION MANQUANTE;
Ibtissam;MR BADR;VILLA PORTE PLACARD;Residential;Casablanca;Casablanca-Settat;Maroc;50 000;10%;5 000;EN COURS DE CHIFFRAGE;Prospection;;;LOW;? SANS ACTION PLANIFIÉE ? DATE ACTION MANQUANTE;17/08/2026;Dépassé;;;-3;? SANS ACTION PLANIFIÉE ? DATE ACTION MANQUANTE;
Ibtissam;MR NOURDENIN;1 CUISINE;Residential;Casablanca;Casablanca-Settat;Maroc;50 000;10%;5 000;PLAN 3D EN COURS A TRANSMETTRE AU CLIENT;Prospection;;;LOW;? SANS ACTION PLANIFIÉE ? DATE ACTION MANQUANTE;17/08/2026;Dépassé;;;-3;? SANS ACTION PLANIFIÉE ? DATE ACTION MANQUANTE;
Amine;RHNIMA TRAVAUX;CRECHE/ CENTRE;Institutional;ZENATA;Casablanca-Settat;Maroc;400 000;10%;40 000;CONSILTATION CHEZ METHODE,RDV AVEC LE CLIENT LE LUNDI 6 AVRIL AU BUREAU POUR COMMANDE;En cours;;;;;01/09/2026;C;;;;;
Amine;MRK;MRK;Residential;MARRAKECH;Marrakech-Safi;Maroc;3 000 000;10%;300 000;CONSULTATION CHEZ METHODE;En cours;;;;;01/09/2026;C;;;;;
Amine;GOLDEN PARK BUILDING;GARDEN SAPHIT;Residential;DAR BOZAZ;Casablanca-Settat;Maroc;10 000 000;10%;1 000 000;PROJET EN DEMARRAGE DE GROUPE SAKANI IMMOBILIER ,GROS UVRE AVEC UNITED CONSTRUCTION;Prospection;;;;;01/09/2026;C;;;;;
Amine;MM NAIMA HAJJI;YEECOR;Residential;MARRAKECH;Marrakech-Safi;Maroc;5 000 000;10%;500 000;PROJET DE RESIDENCE ET HOTEL 4 ETOILE , PREND CONTACT AVEC RESPONSABLE PROJET;Prospection;;;;;01/09/2026;C;;;;;
Amine;MADLHOUM IMMO;ZONE INDUSTRIEL BERNOUSSI;Residential;Casablanca;Casablanca-Settat;Maroc;4 000 000;10%;400 000;PROJET EN GO , PREMIER CONTACT AVEC LE RESPONSABLE PROJET , RDV AVEC MO A CONFIRMER;Prospection;;;;;01/09/2026;C;;;;;
