commercial;contact;entreprise;nom_projet;localisation;ville;region;pays;email;telephone;type_client;type_projet;produits;statut;potentiel;canal_origine;flux_type;budget_mad;probabilite;commentaire;date_closing_est;prochaine_relance
Bruno;TGCC /GIDNA;TGCC /GIDNA;CHU FES;Fès-Meknès;;Fès-Meknès;Maroc;;;;Institutional;;VISITE;FAIBLE;;;92941000;LOW;;30/09/2026;
Amine;SK SIGNATURE;SK SIGNATURE;SKALI TADART;Casablanca-Settat;;Casablanca-Settat;Maroc;;;;Residential;;PERDUE;MOYEN;;;1500000;LOW;OFFRE ENVOYER AU CLIENT , LE GERANT REFUSE DE TRAVAILLER AVEC NOUS , MAUVAISE REPUTATION SUR NOTRE POSE;01/04/2026;
Amine;ZABDI PROMO;ZABDI PROMO;RESIDENCE AIN SEBAA;Casablanca-Settat;;Casablanca-Settat;Maroc;;;;Residential;;GAGNEE;IMPORTANT;;;700000;HIGH;;20/04/2026;
Bruno;TGCC;TGCC;STADE BENSLIMANE;Casablanca-Settat;;Casablanca-Settat;Maroc;;;;Commercial;;VISITE;FAIBLE;;;30102294;LOW;;01/09/2026;
Bruno;MFADEL;MFADEL;RADISON;Casablanca-Settat;;Casablanca-Settat;Maroc;;;;Hospitality;;CHIFFRAGE;MOYEN;;;20000000;MED;;30/06/2026;
Bruno;CHAABAN INVEST;CHAABAN INVEST;PROJET L OREE DU PALM;Casablanca-Settat;;Casablanca-Settat;Maroc;;;;Residential;;VISITE;FAIBLE;;;25858325;LOW;;30/06/2026;
Bruno;VALOGEST;VALOGEST;CUR D ANFA R04;Casablanca-Settat;;Casablanca-Settat;Maroc;;;;Residential;;VISITE;FAIBLE;;;21000001;LOW;;30/04/2026;
Bruno;VALOGEST;VALOGEST;CUR D ANFA R03;Casablanca-Settat;;Casablanca-Settat;Maroc;;;;Residential;;VISITE;IMPORTANT;;;21000000;HIGH;;30/04/2026;
Oussama;DOLIDOL;DOLIDOL;SOMMIER DOLIDOL;Casablanca-Settat;;Casablanca-Settat;Maroc;;;;Hospitality;;CHIFFRAGE;IMPORTANT;;;18056750;HIGH;DEVIS REMIS A DOLIDOL;19/06/2026;
Bruno;CGI;CGI;CASA ANFA LE PARC C BOIS;Casablanca-Settat;;Casablanca-Settat;Maroc;;;;Residential;;VISITE;FAIBLE;;;15257300;LOW;;30/07/2026;
Amine;ETOILE MARINE;ETOILE MARINE;ETOILE MARINE;;;;Maroc;;;;Residential;;VISITE;IMPORTANT;;;3000000;HIGH;;04/05/2026;
Bruno;FERMAPREFA;FERMAPREFA;AMV 300 VILLAS R2 R3;Marrakech-Safi;;Marrakech-Safi;Maroc;;;;Residential;;VISITE;IMPORTANT;;;11775700;HIGH;;30/06/2026;
Bruno;KARDAM;KARDAM;HOTEL MARIOT MRK;Marrakech-Safi;;Marrakech-Safi;Maroc;;;;Hospitality;;VISITE;FAIBLE;;;11702000;LOW;;01/09/2026;
Bruno;AEP INVEST;AEP INVEST;SERENIA;Casablanca-Settat;;Casablanca-Settat;Maroc;;;;Residential;;VISITE;FAIBLE;;;9900000;LOW;;30/07/2026;
Bruno;VALOGEST;VALOGEST;CUR D ANFA CENTRE COMMERCIAL;Marrakech-Safi;;Marrakech-Safi;Maroc;;;;Commercial;;VISITE;MOYEN;;;9000000;MED;;30/07/2026;
Bruno;TGCC;TGCC;SALLE SPORT FES;Fès-Meknès;;Fès-Meknès;Maroc;;;;Commercial;;VISITE;FAIBLE;;;8839000;LOW;;01/09/2026;
Bruno;CGI;CGI;VILLAS TAGHAZOUT BAY P23;Souss-Massa;;Souss-Massa;Maroc;;;;Residential;;PERDUE;MOYEN;;;8333732;LOW;;01/09/2026;
Amine;PALM CALIFORNIE;PALM CALIFORNIE;PALM CALIFORNIE;Casablanca-Settat;;Casablanca-Settat;Maroc;;;;Residential;;VISITE;MOYEN;;;4000000;MED;;15/07/2026;
Amine;BATIKRAFT;BATIKRAFT;RESIDENCE EL BARNOUSSI;Casablanca-Settat;;Casablanca-Settat;Maroc;;;;Residential;;VISITE;MOYEN;;;4000000;MED;;15/07/2026;
Amine;JAMAII;JAMAII;JNANE AL OLFA;Casablanca-Settat;;Casablanca-Settat;Maroc;;;;Residential;;VISITE;MOYEN;;;2100000;HIGH;;15/07/2026;
Amine;AMMA IMMO;AMMA IMMO;RESIDENCE ALMAS;Casablanca;Casablanca;Casablanca-Settat;Maroc;;;;Residential;;OFFRE;IMPORTANT;;;1800000;HIGH;TEMOIN EN ATTENTE DE POSE SUIVANT LA AVANCEMENT CHANTIER;04/05/2026;
Bruno;GROUPE AHOCIENIA;GROUPE AHOCIENIA;VILLA CYPRES GROUPE AH;RABAT;RABAT;Rabat-Salé-Kénitra;Maroc;;;;Residential;;VISITE;MOYEN;;;8000000;MED;;30/04/2026;
Bruno;SEG;SEG;ZAER BOIS;RABAT;RABAT;Rabat-Salé-Kénitra;Maroc;;;;Residential;;VISITE;FAIBLE;;;7900000;LOW;;01/09/2026;
Bruno;MFADEL;MFADEL;SOHAUS APPARTEMENT CUISINE;CASABLANCA;CASABLANCA;Casablanca-Settat;Maroc;;;;Residential;;VISITE;MOYEN;;;7750000;MED;;30/06/2026;
Bruno;MFADEL;MFADEL;SOHAUS APPARTEMENT BOIS;CASABLANCA;CASABLANCA;Casablanca-Settat;Maroc;;;;Residential;;VISITE;MOYEN;;;7726000;MED;;30/06/2026;
Oussama;CMS;CMS;SIÈGE ATTIJARI ABIDJAN;Abidjan;Abidjan;;Côte d'Ivoire;;;;Commercial;;PERDUE;MOYEN;;;7400000;LOW;;01/04/2026;
Bruno;BANKAI;BANKAI;NOOR PRESTIGE 400 APPT;MARRAKECH;MARRAKECH;Marrakech-Safi;Maroc;;;;Residential;;VISITE;IMPORTANT;;;7120000;HIGH;;01/09/2026;
Bruno;YAMED;YAMED;CURIO;CASABLANCA;CASABLANCA;Casablanca-Settat;Maroc;;;;Residential;;CHIFFRAGE;IMPORTANT;;;9800000;HIGH;;30/06/2026;
Bruno;JULIA;JULIA;MRK 350 APPART BOIS;MARRAKECH;MARRAKECH;Marrakech-Safi;Maroc;;;;Residential;;CHIFFRAGE;FAIBLE;;;7000000;LOW;;01/09/2026;
Bruno;JULIA;JULIA;MRK 350 APPART CUISINE;MARRAKECH;MARRAKECH;Marrakech-Safi;Maroc;;;;Residential;;CHIFFRAGE;FAIBLE;;;7000000;LOW;;01/09/2026;
Amine;Fondation cheikh zayd;Fondation cheikh zayd;UNIVERSITE/HEBERGEMENT;Bouznika;Bouznika;Casablanca-Settat;Maroc;;;;Institutional;;CHIFFRAGE;MOYEN;;;11500000;MED;Offre de prix envoyer aujourd'hui le samedi , un reunion a confirmer jeudi prochain pour presenter l'offre en presence directeur de projet .;20/05/2026;
Bruno;TGCC;TGCC;ANP;CASABLANCA;CASABLANCA;Casablanca-Settat;Maroc;;;;Commercial;;GAGNEE;IMPORTANT;;;7200000;HIGH;;01/09/2026;
Bruno;VALORIS;VALORIS;SKY TOWER;CASABLANCA;CASABLANCA;Casablanca-Settat;Maroc;;;;Commercial;;CHIFFRAGE;MOYEN;;;5500000;MED;;30/06/2026;
Bruno;BANKAI;BANKAI;TARGA PRESTIGE 300 APPT;MARRAKECH;MARRAKECH;Marrakech-Safi;Maroc;;;;Residential;;VISITE;IMPORTANT;;;5340000;HIGH;;01/09/2026;
Bruno;FERMAPREFA;FERMAPREFA;THE VIEW;MARRAKECH;MARRAKECH;Marrakech-Safi;Maroc;;;;Residential;;CHIFFRAGE;MOYEN;;;5150981;MED;;01/09/2026;
Amine;GROUPE BENNANI INVEST;GROUPE BENNANI INVEST;HOTEL CASA PORT;Casablanca;Casablanca;Casablanca-Settat;Maroc;;;;Hospitality;;OFFRE;IMPORTANT;;;4000000;HIGH;LA MIS A JOUR DEVIS RECU LE VENDREDI , CLIENT HORS MAROC , RDV A CONFIRMER DANS LA SEMAINE PROCHAINE POUR PRESENTER L'OFFRE ET LANCER LE TEMON;30/05/2026;
Amine;GROUPE BENNANI INVEST;GROUPE BENNANI INVEST;ZENATA BAY;Zenata;Zenata;Casablanca-Settat;Maroc;;;;Residential;;GAGNEE;IMPORTANT;;;7450000;HIGH;;30/05/2026;
Bruno;GROUPE AHOCIENIA;GROUPE AHOCIENIA;HOTEL;Casablanca;Casablanca;Casablanca-Settat;Maroc;;;;Hospitality;;VISITE;MOYEN;;;5000000;MED;;30/04/2026;
Ibtissam;AEM;AEM;190 APPRTEMENT;Casablanca;Casablanca;Casablanca-Settat;Maroc;;;;Residential;;CHIFFRAGE;IMPORTANT;;;5000000;HIGH;TEMOIN LIVRE FAUX CADRE LIVRES/ REUNION A FIXER AU CHANTIER POUR VOIR L ETAT D AVANCEMENT ET PREVOIR PLANING;18/06/2026;
Bruno;ALLALI/PROBATIM;ALLALI/PROBATIM;EVERGREEN;CASABLANCA;CASABLANCA;Casablanca-Settat;Maroc;;;;Residential;;GAGNEE;IMPORTANT;;;4850000;HIGH;;30/04/2026;
Bruno;SEG;SEG;ZAER CUISINE;RABAT;RABAT;Rabat-Salé-Kénitra;Maroc;;;;Residential;;CHIFFRAGE;FAIBLE;;;4685000;LOW;;01/09/2026;
Bruno;AGADIR BAY;AGADIR BAY;RESIDENTIEL Q 63;AGADIR;AGADIR;Souss-Massa;Maroc;;;;Residential;;CHIFFRAGE;IMPORTANT;;;4585325;HIGH;;30/06/2026;
Bruno;TGCC;TGCC;RESIDENCE FERMEE EN VILLAS BENGUERIR LOT BOIS;BEN GUERIR;BEN GUERIR;Marrakech-Safi;Maroc;;;;Residential;;CHIFFRAGE;IMPORTANT;;;4529366;HIGH;;01/09/2026;
Amine;KAYAZ INVEST;KAYAZ INVEST;GROUPEMENT HABITAT AIN SEBAA;Casablanca;Casablanca;Casablanca-Settat;Maroc;;;;Residential;;VISITE;FAIBLE;;;3000000;LOW;PRIS DE CONTACT AVEC DT DE PROJET ,TEMOIN POSER PAR CONCURRENCE , DANS ATTENT DE CONSULTATION (RESPONSABLE PROJET GROUPE);30/05/2026;
Amine;GROUPE BALBACHIR;GROUPE BALBACHIR;TOUR MALABATA TANGER;Tanger;Tanger;Tanger-Tétouan-Al Hoceïma;Maroc;;;;Residential;;VISITE;FAIBLE;;;3000000;LOW;CLIENT FINALISE LE CCTP POUR LANCER LA CONSULTATION ,RDV DEBUS AVRIL POUR RELANCER LE CLIENT (RESPONSABLE ACHAT);30/05/2026;
Amine;SGTM;SGTM;AEREPORT AGADIR;Agadir;Agadir;Souss-Massa;Maroc;;;;Industrial & Logistics;;CHIFFRAGE;FAIBLE;;;2500000;LOW;PREMIER OFFRE ENVOYER LE MERCREDI DERNIER , ATTEND RETOUR CLIENT ET DECLANCHER UNE REUNION DE PRESENTATION OFFRE ET NEGOCIATION;30/05/2026;
Bruno;FERMABAT;FERMABAT;DIVERS IMB;MARRAKECH;MARRAKECH;Marrakech-Safi;Maroc;;;;Residential;;VISITE;MOYEN;;;4000000;MED;;30/04/2026;
Bruno;TGCC;TGCC;ARZANA VILLA;RABAT;RABAT;Rabat-Salé-Kénitra;Maroc;;;;Residential;;CHIFFRAGE;FAIBLE;;;3850000;LOW;;30/04/2026;
Taoufik;RCHFORET;RCHFORET;CASA ECOLE HASANIA;Casablanca;Casablanca;Casablanca-Settat;Maroc;;;;Residential;;OFFRE;IMPORTANT;;;3800000;HIGH;le devis déjà valide fin construction mois MAI;18/06/2026;
Bruno;CGI;CGI;VILLAS TAGHAZOUT BAY P25.1;AGADIR;AGADIR;Souss-Massa;Maroc;;;;Residential;;PERDUE;MOYEN;;;3629629;LOW;;01/09/2026;
Bruno;CGI;CGI;R5 CUISINE;MARRAKECH;MARRAKECH;Marrakech-Safi;Maroc;;;;Residential;;CHIFFRAGE;IMPORTANT;;;3600000;HIGH;;30/08/2026;
Bruno;CGI;CGI;R5 BOIS;MARRAKECH;MARRAKECH;Marrakech-Safi;Maroc;;;;Residential;;CHIFFRAGE;IMPORTANT;;;3578000;HIGH;;30/04/2026;
Bruno;AGADIR BAY;AGADIR BAY;RESIDENTIEL Q 62;AGADIR;AGADIR;Souss-Massa;Maroc;;;;Residential;;CHIFFRAGE;IMPORTANT;;;3321089;HIGH;;30/06/2026;
Bruno;GROUPE AHOCIENIA;GROUPE AHOCIENIA;CABO CUISINE;TETOUAN;TETOUAN;Tanger-Tétouan-Al Hoceïma;Maroc;;;;Residential;;CHIFFRAGE;IMPORTANT;;;3273000;HIGH;;30/06/2026;
Taoufik;GROUPE GEDAF SETTAT;GROUPE GEDAF SETTAT;SETTAT;Settat;Settat;Casablanca-Settat;Maroc;;;;Institutional;;OFFRE;IMPORTANT;;;3200000;HIGH;reste validation de devis;18/06/2026;
Taoufik;BAAMRANI MOUHCINE;BAAMRANI MOUHCINE;MARRAKECH ARAHA 2;Marrakech;Marrakech;Marrakech-Safi;Maroc;;;;Residential;;VISITE;MOYEN;;;3200000;MED;CLIENT FINALISE LE CCTP POUR LANCER LA CONSULTATION;18/06/2026;
Bruno;TGCC;TGCC;AEROPORT M5;RABAT;RABAT;Rabat-Salé-Kénitra;Maroc;;;;Commercial;;CHIFFRAGE;MOYEN;;;3172000;MED;;30/06/2026;
Bruno;AGADIR BAY;AGADIR BAY;DOMINIUM HOTEL CASA;CASABLANCA;CASABLANCA;Casablanca-Settat;Maroc;;;;Hospitality;;VISITE;FAIBLE;;;3100000;LOW;;19/09/2026;
Oussama;ADDOHA ABIDJA;ADDOHA ABIDJA;TERRASSE D'ANGRE;Abidjan;Abidjan;;Côte d'Ivoire;;;;Residential;;GAGNEE;IMPORTANT;;;3100000;HIGH;;30/04/2026;
Amine;RHNIMA TRAVAUX;RHNIMA TRAVAUX;MAJD TR2 ALOMRAN;Oued Zem;Oued Zem;Béni Mellal-Khénifra;Maroc;;;;Residential;;GAGNEE;IMPORTANT;;;600000;HIGH;;30/05/2026;
Amine;DINO;DINO;CHP TAOURIRT;Taourirt;Taourirt;Oriental;Maroc;;;;Institutional;;CHIFFRAGE;MOYEN;;;35000000;MED;PREMIER OFFRE ENVOYER LE JEUDI DERNIER , ATTEND RETOUR CLIENT ET DECLANCHER UNE REUNION DE PRESENTATION OFFRE ET NEGOCIATION;18/06/2026;
Amine;HOME EST;HOME EST;RÉSIDENCES FARAH SALAM LA ROCADE;Casablanca;Casablanca;Casablanca-Settat;Maroc;;;;Residential;;VISITE;FAIBLE;;;4000000;LOW;UNE TRANCHR DÉJÀ ATTRIBUE A LA CONCURRENCE , UNE VISITE SEMAINE PROCHAINE POUR VOIR LE CLIENT POUR LES TRANCHE QUI RESTE;30/06/2026;
Amine;URBAT;URBAT;SIDE PARK ZENATA;Zenata;Zenata;Casablanca-Settat;Maroc;;;;Residential;;VISITE;FAIBLE;;;2000000;LOW;CLIENT A DÉJÀ ATRIBUER LE MARCHE PLACARD ET CUISINE , RDV A CONFIRMER AVEC LE DG POUR PRESENTATION ET OFFRE DE PRIX (INGENIEUR PROJET);30/06/2026;
Amine;TOMU;TOMU;CHU AGADIR;Agadir;Agadir;Souss-Massa;Maroc;;;;Institutional;;CHIFFRAGE;FAIBLE;;;35000000;LOW;OFFRE INITIAL ENVOYER , UN RDV AVEC LE CLIENT A MONTER EN MAI APRES L OBTENTION DE L;18/07/2026;
Amine;TECHNISCAN;TECHNISCAN;ABRAJ AYMEN;Tanger;Tanger;Tanger-Tétouan-Al Hoceïma;Maroc;;;;Residential;;VISITE;FAIBLE;;;8000000;LOW;Reunion tenu avec le gerant sur notre showroom , client interessé par notre gamme porte placard et cuisine , consultartion chez le methode pour la partie residence , projet de 10 tranche avec un hotel de 5 étoil et un centre de loisir;17/08/2026;
Amine;LEGACY PARTNER;LEGACY PARTNER;TOURS HOTEL + RÉSIDENCE + BUREAUX CFC;Casablanca;Casablanca;Casablanca-Settat;Maroc;;;;Hospitality;;VISITE;FAIBLE;;;6000000;LOW;REUNION TENU AVEC LE DT , LA CONSULTATION SERA ENVOYER LE LUNDI POUR LES TROIS BATIMENT;17/08/2026;
Amine;TANGER BAY;TANGER BAY;HOTEL HILTON BY CANOPY;Tanger;Tanger;Tanger-Tétouan-Al Hoceïma;Maroc;;;;Hospitality;;VISITE;FAIBLE;;;5000000;LOW;REUNION TENU AVEC LE MO MR NABIL ET ARCHITECT MR BAKHAT , PRESENTATION DE NOTRE REALISATION EN COURS AVEC YAMED , CLIENT FINALISE LE CCTP POUR LANCER LA CONSULTATION;17/08/2026;
Bruno;TGCC;TGCC;MALL TWF;TANGER;TANGER;Tanger-Tétouan-Al Hoceïma;Maroc;;;;Commercial;;GAGNEE;IMPORTANT;;;290000;HIGH;;30/09/2026;
Hassan;BATI GLORIOUS;BATI GLORIOUS;GROUPEMENT D HABITATION MS;Zenata;Zenata;Casablanca-Settat;Maroc;;;;Residential;;VISITE;FAIBLE;;;3000000;LOW;ils ont déjà un atelier menuiserie;19/08/2026;
Hassan;MELKNA X;MELKNA X;SUITES HOTEL R+5;Casablanca;Casablanca;Casablanca-Settat;Maroc;;;;Hospitality;;VISITE;FAIBLE;;;3000000;LOW;Relance chef projet Mardi matin;19/08/2026;
Taoufik;UNITED Marrakech;UNITED Marrakech;MARRAKECH PDM;Marrakech;Marrakech;Marrakech-Safi;Maroc;;;;Residential;;CHIFFRAGE;MOYEN;;;3000000;MED;le temoin et déjà pose attend le BC;18/06/2026;
Amine;SAM GROUPE IMMOBILIER;SAM GROUPE IMMOBILIER;BEAULIEU ZENATA;Zenata;Zenata;Casablanca-Settat;Maroc;;;;Residential;;VISITE;FAIBLE;;;5000000;LOW;PRIS DE CONTACT SUR CHANTIER AVEC INGENIEUR DE PROJET PROJET EN DEMMARAGE PHASE FONDATION;17/08/2026;
Amine;OSE;OSE;TOURS HOTEL + RÉSIDENCE CFC;Casablanca;Casablanca;Casablanca-Settat;Maroc;;;;Hospitality;;VISITE;FAIBLE;;;4000000;LOW;PROJET EN FONDATION AVEC ENTREPRISE DE GO OPTIMACO , CONTACT AVEC LE GERANT;17/08/2026;
Bruno;AEDGE;AEDGE;EVIAN;CASABLANCA;CASABLANCA;Casablanca-Settat;Maroc;;;;Residential;;CHIFFRAGE;MOYEN;;;2500000;MED;;30/04/2026;
Taoufik;BENZKERI;BENZKERI;TEMARA;Rabat;Rabat;Rabat-Salé-Kénitra;Maroc;;;;Residential;;VISITE;FAIBLE;;;2500000;LOW;CLIENT FINALISE LE CCTP POUR LANCER LA CONSULTATION;18/06/2026;
Bruno;CGI;CGI;VILLAS TAGHAZOUT BAY P25.2;AGADIR;AGADIR;Souss-Massa;Maroc;;;;Residential;;PERDUE;MOYEN;;;2409440;LOW;;01/04/2026;
Taoufik;GROUPE HAJI SAKANE;GROUPE HAJI SAKANE;TEMARA;Rabat;Rabat;Rabat-Salé-Kénitra;Maroc;;;;Residential;;VISITE;MOYEN;;;2400000;MED;CLIENT FINALISE LE CCTP POUR LANCER LA CONSULTATION;18/06/2026;
Taoufik;AMC MARBRE;AMC MARBRE;CASA LA ROCAD;Casablanca;Casablanca;Casablanca-Settat;Maroc;;;;Residential;;GAGNEE;IMPORTANT;;;2200000;HIGH;;04/05/2026;
Bruno;TGCC;TGCC;RESIDENCE FERMEE EN VILLAS BENGUERIR LOT CUIS;BEN GUERIR;BEN GUERIR;Marrakech-Safi;Maroc;;;;Residential;;VISITE;MOYEN;;;2170000;MED;;30/07/2026;
Amine;ANMG;ANMG;HOTEL ABRAJ 5* TANGER;Tanger;Tanger;Tanger-Tétouan-Al Hoceïma;Maroc;;;;Hospitality;;VISITE;FAIBLE;;;3000000;LOW;Deuxiéme reunion tenu avec le directeur tehnique Mr Yassine en presence le Gerant , projet en GO les lots sencondes les appels d'offre dans deux mois;17/08/2026;
Amine;AFIFA IMMONILIER;AFIFA IMMONILIER;ODESSY MARINE;Casablanca;Casablanca;Casablanca-Settat;Maroc;;;;Residential;;VISITE;FAIBLE;;;3000000;LOW;PRIS DE CONTACT AVEC LE GERANT , CONSULTATION LOT MENUISERI DANS 2 MOIS;17/08/2026;
Amine;ADDOHA;ADDOHA;PRESTIGIA PLAGE NATION;Bouknadel;Bouknadel;Rabat-Salé-Kénitra;Maroc;;;;Residential;;VISITE;FAIBLE;;;3000000;LOW;PREMIER TRANCHE ATTRIBUER A OPTIMACO , PREMIER CONTACT AVEC MR ABDELMOULA LE GERANT POUR CONFIRMER UNE REUNION SEMAINE PROCHAINE;17/08/2026;
Amine;URBAT;URBAT;ALMA;Tanger;Tanger;Tanger-Tétouan-Al Hoceïma;Maroc;;;;Residential;;VISITE;FAIBLE;;;2000000;LOW;PROJET EN GROS UVRE AVEC TG BAT , PREMIER REUNION TENU AVEC Mr Ksikes directeur projet MO , presentation de notre gamme dans l'attente de la consultation;17/08/2026;
Amine;AHFAD IMMOBILIER;AHFAD IMMOBILIER;AHFAD CITY;Casablanca;Casablanca;Casablanca-Settat;Maroc;;;;Residential;;VISITE;FAIBLE;;;1500000;LOW;REUNION TENU AVEC MME HASSANIA AHFAD FILLE DE PATRON ET RESPONSABLE ACHAT ET SOUS TRAITANT , OFFRE EN COURS , PROEJT EN GO;17/08/2026;
Amine;IDEOLOGE PROMOTION;IDEOLOGE PROMOTION;CASERNE BOUKRAA;Casablanca;Casablanca;Casablanca-Settat;Maroc;;;;Institutional;;VISITE;FAIBLE;;;900000;LOW;OFFRE DE PRIX ENVOYER , CLIENT ATTEND LA RESULTAT DE L'APPEL D'OFFRE;17/08/2026;
Bruno;TGCC;TGCC;STADE H2;RABAT;RABAT;Rabat-Salé-Kénitra;Maroc;;;;Commercial;;VISITE;FAIBLE;;;2000000;LOW;;01/09/2026;
Hassan;HOME EST;HOME EST;GROUPEMENT D HABITATION ECONOMIQUE;Casablanca;Casablanca;Casablanca-Settat;Maroc;;;;Residential;;VISITE;FAIBLE;;;2000000;LOW;RDV prévu avec le service achat la semaine prochaine (Naima);19/08/2026;
Hassan;SOCIETE RESIDENCES BOLORIA;SOCIETE RESIDENCES BOLORIA;GROUPEMENT D HABITATION ECONOMIQUE (hadaik al amane);Casablanca;Casablanca;Casablanca-Settat;Maroc;;;;Residential;;VISITE;FAIBLE;;;2000000;LOW;RDV prévu avec le chef projet la semaine prochaine;19/08/2026;
Hassan;SIREGEC;SIREGEC;COMPLEXE UNIVERSITAIRE SUPTECH;Mohammedia;Mohammedia;Casablanca-Settat;Maroc;;;;Institutional;;VISITE;FAIBLE;;;2000000;LOW;Potentiel à renseigner;19/08/2026;
Oussama;ADDOHA ABIDJA;ADDOHA ABIDJA;ANGRE SQUARE;Abidjan;Abidjan;;Côte d'Ivoire;;;;Residential;;OFFRE;IMPORTANT;;;2000000;HIGH;;30/05/2026;
Bruno;AGADIR BAY;AGADIR BAY;RESIDENTIEL Q 67;AGADIR;AGADIR;Souss-Massa;Maroc;;;;Residential;;CHIFFRAGE;IMPORTANT;;;1967000;HIGH;;30/04/2026;
Taoufik;RAFINITI;RAFINITI;TEMARA;Rabat;Rabat;Rabat-Salé-Kénitra;Maroc;;;;Residential;;VISITE;IMPORTANT;;;1900000;HIGH;CLIENT FINALISE LE CCTP POUR LANCER LA CONSULTATION;18/06/2026;
Amine;AAFER;AAFER;BORJ AL ANDALOUS;Tanger;Tanger;Tanger-Tétouan-Al Hoceïma;Maroc;;;;Residential;;CHIFFRAGE;FAIBLE;;;2000000;LOW;Deuxiéme reunion tenu avec le gerant , client va nous consulter , demande des reference dans la région et des temoin sur des projet réaliser dernierement;17/09/2026;
Bruno;TGCC;TGCC;SAFRAN ZONE FRANCHE MIDPARC;TANGER;TANGER;Tanger-Tétouan-Al Hoceïma;Maroc;;;;Industrial & Logistics;;CHIFFRAGE;MOYEN;;;1540700;MED;;01/09/2026;
Amine;CGTC;CGTC;OMRAN MEDIOUNA;Mediouna;Mediouna;Casablanca-Settat;Maroc;;;;Residential;;CHIFFRAGE;FAIBLE;;;1000000;LOW;CONSULTATION CHEZ LE BUREAU D'ETUDE;17/09/2026;
Amine;CGTC;CGTC;LYCEE AL MANSOUR ZENATA;Zenata;Zenata;Casablanca-Settat;Maroc;;;;Residential;;CHIFFRAGE;FAIBLE;;;500000;LOW;CONSULTATION CHEZ LE BUREAU D'ETUDE;17/09/2026;
Amine;DINO;DINO;CHP GUERCIVE;Guercif;Guercif;Oriental;Maroc;;;;Institutional;;CHIFFRAGE;FAIBLE;;;3000000;LOW;CONSULTATION CHEZ METHODE , LE GERANT ATTEND NOTRE OFFRE DE PRIX (CONTACT GERANT);30/09/2026;
Bruno;TGCC;TGCC;ECOLE FRANCAISE BENGUERIR;MARRAKECH;MARRAKECH;Marrakech-Safi;Maroc;;;;Commercial;;CHIFFRAGE;MOYEN;;;1476065;MED;;01/09/2026;
Bruno;TGCC;TGCC;TERRAIN ANZA AGADIR;AGADIR;AGADIR;Souss-Massa;Maroc;;;;Industrial & Logistics;;CHIFFRAGE;MOYEN;;;1463814;MED;;01/09/2026;
Oussama;AL MADA/ ATLAS HOSPITALITY / CMS;AL MADA/ ATLAS HOSPITALITY / CMS;MIXED USE CASABLANCA;Casablanca;Casablanca;Casablanca-Settat;Maroc;;;;Hospitality;;CHIFFRAGE;MOYEN;;;1320000;MED;CHIFFRAGE ET ETUDE EN COURS;30/05/2026;
Taoufik;AMENAGEMENT BOIS;AMENAGEMENT BOIS;CASA MOHIT;Casablanca;Casablanca;Casablanca-Settat;Maroc;;;;Residential;;GAGNEE;IMPORTANT;;;1300000;HIGH;;04/05/2026;
Bruno;URBAN CAPITAL / ABDELAS;URBAN CAPITAL / ABDELAS;AUDA ANFA;Casablanca;Casablanca;Casablanca-Settat;Maroc;;;;Residential;;CHIFFRAGE;MOYEN;;;6043000;MED;;01/12/2026;
Bruno;GROUPE AHOCIENIA;GROUPE AHOCIENIA;VILLA BIANCA CUISINE;RABAT;RABAT;Rabat-Salé-Kénitra;Maroc;;;;Residential;;CHIFFRAGE;IMPORTANT;;;1118000;HIGH;;01/09/2026;
Amine;LA MANOUSSE;LA MANOUSSE;COMPLEXE RESIDENTIEL;Rabat;Rabat;Rabat-Salé-Kénitra;Maroc;;;;Residential;;CHIFFRAGE;FAIBLE;;;3000000;LOW;OFFRE DE PRIX COMMUNIQUER DES PORTE , ATTEND PLAN POUR PLACARD ET CUISINE LOTS MENUISERI DANS 6 MOIS SELON LE CLIENT;30/09/2026;
Amine;DINO;DINO;GARE ROUTIERE KENITRA;Kénitra;Kénitra;Rabat-Salé-Kénitra;Maroc;;;;Institutional;;VISITE;FAIBLE;;;2000000;LOW;LE CLIENT FINALISE LE CCTP POUR LANCER LES CONSULTATION , PROJET EN DEMMARAGE (CONTACT GERANT);30/09/2026;
Bruno;MFADEL;MFADEL;SOHAUS VILLAS VILLA LOT CUSIINE;CASABLANCA;CASABLANCA;Casablanca-Settat;Maroc;;;;Residential;;CHIFFRAGE;MOYEN;;;1000000;MED;;30/04/2026;
Taoufik;4 G BATIMO;4 G BATIMO;TANGER ABRAJE;Tanger;Tanger;Tanger-Tétouan-Al Hoceïma;Maroc;;;;Residential;;VISITE;FAIBLE;;;1000000;LOW;CLIENT FINALISE LE CCTP POUR LANCER LA CONSULTATION;17/08/2026;
Amine;DINO;DINO;CHP AZILAL;Azilal;Azilal;Béni Mellal-Khénifra;Maroc;;;;Institutional;;CHIFFRAGE;FAIBLE;;;2000000;LOW;CONSULTATION CHEZ METHODE , LE GERANT ATTEND NOTRE OFFRE DE PRIX (CONTACT GERANT);17/10/2026;
Taoufik;INBS PROMO;INBS PROMO;MARRAKECH EDNE HOME;Marrakech;Marrakech;Marrakech-Safi;Maroc;;;;Residential;;CHIFFRAGE;IMPORTANT;;;900000;HIGH;le temoin et déjà pose le BC pour le mois MAI;15/05/2026;
Taoufik;BECHARAT KHAIRE;BECHARAT KHAIRE;MARRAKECH WISAL;Marrakech;Marrakech;Marrakech-Safi;Maroc;;;;Residential;;CHIFFRAGE;IMPORTANT;;;800000;HIGH;MOIS MAI;18/06/2026;
Taoufik;UNITED CASA;UNITED CASA;CASA ANWAL;Casablanca;Casablanca;Casablanca-Settat;Maroc;;;;Residential;;CHIFFRAGE;MOYEN;;;800000;MED;visites projet semaine prochaine;18/06/2026;
Bruno;GROUPE AHOCIENIA;GROUPE AHOCIENIA;BLOC 5 EXPORT;SENEGAL;SENEGAL;;Sénégal;;;;Residential;;CHIFFRAGE;IMPORTANT;;;796576;HIGH;;30/04/2026;
Taoufik;H2K immobilIER;H2K immobilIER;MARRAKECH ICHRAK;Marrakech;Marrakech;Marrakech-Safi;Maroc;;;;Residential;;VISITE;MOYEN;;;780000;MED;CLIENT FINALISE LE CCTP POUR LANCER LA CONSULTATION;18/06/2026;
Oussama;ADDOHA ABIDJA;ADDOHA ABIDJA;GREEN CITY GH 22;Abidjan;Abidjan;;Côte d'Ivoire;;;;Residential;;VISITE;MOYEN;;;600000;MED;;30/07/2026;
Oussama;ADDOHA ABIDJA;ADDOHA ABIDJA;GREEN CITY GH 25;Abidjan;Abidjan;;Côte d'Ivoire;;;;Residential;;VISITE;MOYEN;;;600000;MED;;30/07/2026;
Bruno;GROUPE AHOCIENIA;GROUPE AHOCIENIA;VILLA SALAM;SENEGAL;SENEGAL;;Sénégal;;;;Residential;;CHIFFRAGE;IMPORTANT;;;584122;HIGH;;30/04/2026;
Amine;IHCC;IHCC;HOPITAL SAUDI ALMANI;Casablanca;Casablanca;Casablanca-Settat;Maroc;;;;Institutional;;VISITE;FAIBLE;;;2000000;LOW;MARCHE DÉJÀ ATTRIBUER , LE CLIENT VA ORIENTE LES POSEUR CHEZ NOUS ,TRANCHE HOTEL ET UNIVERSITE SERA LANCER DANS 4 MOIS(CONTACT RESPONSABEL ACHAT);30/10/2026;
Oussama;ADDOHA ABIDJA;ADDOHA ABIDJA;FLORIDA BLOC 39;Abidjan;Abidjan;;Côte d'Ivoire;;;;Residential;;VISITE;MOYEN;;;460000;MED;;30/07/2026;
Hassan;MADHLOUM IMMO;MADHLOUM IMMO;GROUPEMENT D HABITATION MS R+6 ZENATA;Casablanca;Casablanca;Casablanca-Settat;Maroc;;;;Residential;;VISITE;FAIBLE;;;400000;LOW;Passage programmé la semaine prochaine por avoir le chef projet;19/08/2026;
Hassan;CMS;CMS;BORJ ATTIJARI;Casablanca;Casablanca;Casablanca-Settat;Maroc;;;;Institutional;;VISITE;FAIBLE;;;400000;LOW;Premier RDV effectué en attente de disponibilité du Directeur chantiers;19/08/2026;
Ibtissam;AFFINITY;AFFINITY;40 STUDIO;Casablanca;Casablanca;Casablanca-Settat;Maroc;;;;Residential;;CHIFFRAGE;IMPORTANT;;;400000;HIGH;ATTENTE AVANCE LANCEMET MAI;18/06/2026;
Ibtissam;YAM LIVING;YAM LIVING;30 APPARTEMENT;Casablanca;Casablanca;Casablanca-Settat;Maroc;;;;Residential;;VISITE;FAIBLE;;;400000;LOW;ATTENTE PLAN ARCHI POUR ETUDE;17/08/2026;
Oussama;ADDOHA ABIDJA;ADDOHA ABIDJA;FLORIDA 47+ DUPLEXES;Abidjan;Abidjan;;Côte d'Ivoire;;;;Residential;;VISITE;MOYEN;;;400000;MED;;30/07/2026;
Oussama;ADDOHA ABIDJA;ADDOHA ABIDJA;FLORIDA BLOC 20;Abidjan;Abidjan;;Côte d'Ivoire;;;;Residential;;VISITE;MOYEN;;;363440;MED;;30/07/2026;
Ibtissam;IMMO PALMIER;IMMO PALMIER;22 APPARTEEMNT;Marrakech;Marrakech;Marrakech-Safi;Maroc;;;;Residential;;CHIFFRAGE;IMPORTANT;;;300000;HIGH;AVANCE RECUE (120K) - REPERAGE FIN AVRIL - ENCAISSEMENT JUIN;04/05/2026;
Oussama;ADDOHA ABIDJA;ADDOHA ABIDJA;FLORIDA BLOC 14;Abidjan;Abidjan;;Côte d'Ivoire;;;;Residential;;VISITE;MOYEN;;;254408;MED;;30/07/2026;
Oussama;DOLIDOL;DOLIDOL;INTERNAT;CASABLANCA;CASABLANCA;Casablanca-Settat;Maroc;;;;Residential;;CHIFFRAGE;MOYEN;;;8700000;MED;DEVIS TRANSMIS LE 18/05;;
Oussama;ADDOHA ABIDJA;ADDOHA ABIDJA;LAGOONA GH 05;Abidjan;Abidjan;;Côte d'Ivoire;;;;Residential;;OFFRE;IMPORTANT;;;225000;HIGH;;30/07/2026;
Oussama;ADDOHA ABIDJA;ADDOHA ABIDJA;FLORIDA BLOC 10;Abidjan;Abidjan;;Côte d'Ivoire;;;;Residential;;VISITE;MOYEN;;;181720;MED;;30/07/2026;
Hassan;CHARP CONSTRUCTION;CHARP CONSTRUCTION;IMM R+2;Casablanca;Casablanca;Casablanca-Settat;Maroc;;;;Residential;;CHIFFRAGE;MOYEN;;;84040;MED;En attente de la cofirmation des finitions/ reperage en cours;19/08/2026;
Ibtissam;MR SLAOUI;MR SLAOUI;PLATEAU BUREAU;Casablanca;Casablanca;Casablanca-Settat;Maroc;;;;Commercial;;VISITE;FAIBLE;;;78000;LOW;A RELANCER;17/08/2026;
Ibtissam;MR LAHLOU;MR LAHLOU;1 CUISINE;Casablanca;Casablanca;Casablanca-Settat;Maroc;;;;Residential;;VISITE;FAIBLE;;;50000;LOW;PAS DE RETOUR SERVICE ETUDE MALGRE PLSR RELANCE;17/08/2026;
Ibtissam;MR BADR;MR BADR;VILLA PORTE PLACARD;Casablanca;Casablanca;Casablanca-Settat;Maroc;;;;Residential;;VISITE;FAIBLE;;;50000;LOW;EN COURS DE CHIFFRAGE;17/08/2026;
Ibtissam;MR NOURDENIN;MR NOURDENIN;1 CUISINE;Casablanca;Casablanca;Casablanca-Settat;Maroc;;;;Residential;;VISITE;FAIBLE;;;50000;LOW;PLAN 3D EN COURS A TRANSMETTRE AU CLIENT;17/08/2026;
Amine;RHNIMA TRAVAUX;RHNIMA TRAVAUX;CRECHE/ CENTRE;ZENATA;ZENATA;Casablanca-Settat;Maroc;;;;Institutional;;CHIFFRAGE;MOYEN;;;400000;LOW;CONSILTATION CHEZ METHODE,RDV AVEC LE CLIENT LE LUNDI 6 AVRIL AU BUREAU POUR COMMANDE;01/09/2026;
Amine;MRK;MRK;MRK;MARRAKECH;MARRAKECH;Marrakech-Safi;Maroc;;;;Residential;;CHIFFRAGE;MOYEN;;;3000000;LOW;CONSULTATION CHEZ METHODE;01/09/2026;
Amine;GOLDEN PARK BUILDING;GOLDEN PARK BUILDING;GARDEN SAPHIT;DAR BOZAZ;DAR BOZAZ;Casablanca-Settat;Maroc;;;;Residential;;VISITE;MOYEN;;;10000000;LOW;PROJET EN DEMARRAGE DE GROUPE SAKANI IMMOBILIER ,GROS UVRE AVEC UNITED CONSTRUCTION;01/09/2026;
Amine;MM NAIMA HAJJI;MM NAIMA HAJJI;YEECOR;MARRAKECH;MARRAKECH;Marrakech-Safi;Maroc;;;;Residential;;VISITE;MOYEN;;;5000000;LOW;PROJET DE RESIDENCE ET HOTEL 4 ETOILE , PREND CONTACT AVEC RESPONSABLE PROJET;01/09/2026;
Amine;MADLHOUM IMMO;MADLHOUM IMMO;ZONE INDUSTRIEL BERNOUSSI;Casablanca;Casablanca;Casablanca-Settat;Maroc;;;;Residential;;VISITE;MOYEN;;;4000000;LOW;PROJET EN GO , PREMIER CONTACT AVEC LE RESPONSABLE PROJET , RDV AVEC MO A CONFIRMER;01/09/2026;
